"Sequence","Alleles"
"ATGATCACATTCCTGCCGCTGCTGCTGGGGCTCAGCCTGGGCTGCACAGGAGCAGGTGGCTTCGTGGCCCATGTGGAAAGCACCTGTCTGTTGGATGATGCTGGGACTCCAAAGGATTTCACATACTGCATCTCCTTCAACAAGGATCTGCTGACCTGCTGGGATCCAGAGGAGAATAAGATGGCCCCTTGCGAATTTGGGGTGCTGAATAGCTTGGCGAATGTCCTCTCACAGCACCTCAACCAAAAAGACACCCTGATGCAGCGCTTGCGCAATGGGCTTCAGAATTGTGCCACACACACCCAGCCCTTCTGGGGATCACTGACCAACAGGACACGGCCACCATCTGTGCAAGTAGCCAAAACCACTCCTTTTAACACGAGGGAGCCTGTGATGCTGGCCTGCTATGTGTGGGGCTTCTATCCAGCAGAAGTGACTATCACGTGGAGGAAGAACGGGAAGCTTGTCATGCCTCACAGCAGTGCGCACAAGACTGCCCAGCCCAATGGAGACTGGACATACCAGACCCTCTCCCATTTAGCCTTAACCCCCTCTTACGGGGACACTTACACCTGTGTGGTAGAGCACACTGGGGCTCCTGAGCCCATCCTTCGGGACTGGACACCTGGGCTGTCCCCCATGCAGACCCTGAAGGTTTCTGTGTCTGCAGTGACTCTGGGCCTGGGCCTCATCATCTTCTCTCTTGGTGTGATCAGCTGGCGGAGAGCTGGCCACTCTAGTTACACTCCTCTTCCTGGGTCCAATTATTCAGAAGGATGGCACATTTCCTAG","DMB*01:03:01:01, DMB*01:03:01:02, DMB*01:03:01:03, DMB*01:03:01:04"
"ATGATCACATTCCTGCCGCTGCTGCTGGGGCTCAGCCTGGGCTGCACAGGAGCAGGTGGCTTCGTGGCCCATGTGGAAAGCACCTGTCTGTTGGATGATGCTGGGACTCCAAAGGATTTCACATACTGCATCTCCTTCAACAAGGATCTGCTGACCTGCTGGGATCCAGAGGAGAATAAGATGGCCCCTTGCGAATTTGGGGTGCTGAATAGCTTGGCGAATGTCCTCTCACAGCACCTCAACCAAAAAGACACCCTGATGCAGCGCTTGCGCAATGGGCTTCAGAATTGTGCCACACACACCCAGCCCTTCTGGGGATCACTGACCAACAGGACACGGCCACCATCTGTGCAAGTAGCCAAAACCACTCCTTTTAACACGAGGGAGCCTGTGATGCTGGCCTGCTATGTGTGGGGCTTCTATCCAGCAGAAGTGACTATCACGTGGAGGAAGAACGGGAAGCTTGTCATGCCTCACAGCAGTGCGCACAAGACTGCCCAGCCCAATGGAGACTGGACATACCAGACCCTCTCCCATTTAGCCTTAACCCCCTCTTACGGGGACACTTACACCTGTGTGGTAGAGCACATTGGGGCTCCTGAGCCCATCCTTCGGGACTGGACACCTGGGCTGTCCCCCATGCAGACCCTGAAGGTTTCTGTGTCTGCAGTGACTCTGGGCCTGGGCCTCATCATCTTCTCTCTTGGTGTGATCAGCTGGCGGAGAGCTGGCCACTCTAGTTACACTCCTCTTCCTGGGTCCAATTATTCAGAAGGATGGCACATTTCCTAG","DMB*01:01:01:01, DMB*01:01:01:02, DMB*01:01:01:03, DMB*01:01:01:04"
"ATGATCCTAAACAAAGCTCTGATGCTGGGGACCCTTGCCCTGACCACCGTGATGAGCCCCTGTGGAGGTGAAGACATTGTGGCTGACCACGTCGCCTCTTATGGTGTAAACTTGTACCAGTCTTACGGTCCCTCTGGCCAGTACACCCATGAATTTGATGGAGATGAGCAGTTCTACGTGGACCTGGGGAGGAAGGAGACTGTCTGGTGTTTGCCTGTTCTCAGACAATTTAGATTTGACCCGCAATTTGCACTGACAAACATCGCTGTCCTAAAACATAACTTGAACAGTCTGATTAAACGCTCCAACTCTACCGCTGCTACCAATGAGGTTCCTGAGGTCACAGTGTTTTCCAAGTCTCCCGTGACACTGGGTCAGCCCAACATCCTCATCTGTCTTGTGGACAACATCTTTCCTCCTGTGGTCAACATCACATGGCTGAGCAATGGGCACTCAGTCACAGAAGGTGTTTCTGAGACCAGCTTCCTCTCCAAGAGTGATCATTCCTTCTTCAAGATCAGTTACCTCACCCTCCTCCCTTCTGCTGAGGAGAGTTATGACTGCAAGGTGGAGCACTGGGGACTGGACAAGCCTCTTCTGAAACACTGGGAGCCTGAGATTCCAGCCCCTATGTCAGAGCTCACAGAGACTGTGGTCTGCGCCCTGGGGTTGTCTGTGGGCCTCGTGGGCATTGTGGTGGGCACTGTCTTCATCATCCGAGGCCTGCGTTCAGTTGGTGCTTCCAGACACCAAGGGCCCTTGTGA","DQA1*05:05:01:01, DQA1*05:05:01:02, DQA1*05:05:01:03"
"ATGATCCTAAACAAAGCTCTGATGCTGGGGGCCCTTGCCCTGACCACCGTGATGAGCCCCTGTGGAGGTGAAGACATTGTGGCTGACCACGTCGCCTCTTATGGTGTAAACTTGTACCAGTCTTACGGTCCCTCTGGCCAGTACACCCATGAATTTGATGGAGATGAGCAGTTCTACGTGGACCTGGGGAGGAAGGAGACTGTCTGGTGTTTGCCTGTTCTCAGACAATTTAGATTTGACCCGCAATTTGCACTGACAAACATCGCTGTCCTAAAACATAACTTGAACAGTCTGATTAAACGCTCCAACTCTACCGCTGCTACCAATGAGGTTCCTGAGGTCACAGTGTTTTCCAAGTCTCCCGTGACACTGGGTCAGCCCAACATCCTCATCTGTCTTGTGGACAACATCTTTCCTCCTGTGGTCAACATCACATGGCTGAGCAATGGGCACTCAGTCACAGAAGGTGTTTCTGAGACCAGCTTCCTCTCCAAGAGTGATCATTCCTTCTTCAAGATCAGTTACCTCACCCTCCTCCCTTCTGCTGAGGAGAGTTATGACTGCAAGGTGGAGCACTGGGGCCTGGACAAGCCTCTTCTGAAACACTGGGAGCCTGAGATTCCAGCCCCTATGTCAGAGCTCACAGAGACTGTGGTCTGCGCCCTGGGATTGTCTGTGGGCCTCGTGGGCATTGTGGTGGGCACTGTCTTCATCATCCGAGGCCTGCGTTCAGTTGGTGCTTCCAGACACCAAGGGCCCTTGTGA","DQA1*05:01:01:01, DQA1*05:01:01:02"
"ATGATCCTAAACAAAGCTCTGCTGCTGGGGGCCCTCGCTCTGACCACCATGATGAGCCCTTGTGGAGGTGAAGGCATTGTGGCTGACCACGTTGCCTCTTGTGGTGTAAACTTGTACCAGTTTTACGGTCCCTCTGGCCAGTACACCCATGAATTTGATGGAGATGAGGAGTTCTACGTGGACCTGGAGAGGAAGGAGACTGCCTGGCGGTGGCCTGAGTTCAGCAAATTTGGAGGTTTTGACCCGCAGGGTGCACTGAGAAACATGGCTGTGGCAAAACACAACTTGAACATCATGATTAAACGCTACAACTCTACCGCTGCTACCAATGAGGTTCCTGAGGTCACAGTGTTTTCCAAGTCTCCCGTGACACTGGGTCAGCCCAACACCCTCATTTGTCTTGTGGACAACATCTTTCCTCCTGTGGTCAACATCACATGGCTGAGCAATGGGCAGTCAGTCACAGAAGGTGTTTCTGAGACCAGCTTCCTCTCCAAGAGTGATCATTCCTTCTTCAAGATCAGTTACCTCACCTTCCTCCCTTCTGCTGATGAGATTTATGACTGCAAGGTGGAGCACTGGGGCCTGGACCAGCCTCTTCTGAAACACTGGGAGCCTGAGATTCCAGCCCCTATGTCAGAGCTCACAGAGACTGTGGTCTGCACCCTGGGGTTGTCTGTGGGCCTCGTGGGCATTGTGGTGGGCACTGTCTTCATCATCCAAGGCCTGCGTTCAGTTGGTGCTTCCAGACACCAAGGGCCATTGTGA","DQA1*01:04:01:01, DQA1*01:04:01:02"
"ATGATCCTAAACAAAGCTCTGCTGCTGGGGGCCCTCGCTCTGACCACCGTGATGAGCCCCTGTGGAGGTGAAGACATTGTGGCTGACCACGTTGCCTCTTGTGGTGTAAACTTGTACCAGTTTTACGGTCCCTCTGGCCAGTACACCCATGAATTTGATGGAGATGAGCAGTTCTACGTGGACCTGGAGAGGAAGGAGACTGCCTGGCGGTGGCCTGAGTTCAGCAAATTTGGAGGTTTTGACCCGCAGGGTGCACTGAGAAACATGGCTGTGGCAAAACACAACTTGAACATCATGATTAAACGCTACAACTCTACCGCTGCTACCAATGAGGTTCCTGAGGTCACAGTGTTTTCCAAGTCTCCCGTGACACTGGGTCAGCCCAACACCCTCATTTGTCTTGTGGACAACATCTTTCCTCCTGTGGTCAACATCACATGGCTGAGCAATGGGCAGTCAGTCACAGAAGGTGTTTCTGAGACCAGCTTCCTCTCCAAGAGTGATCATTCCTTCTTCAAGATCAGTTACCTCACCTTCCTCCCTTCTGCTGATGAGATTTATGACTGCAAGGTGGAGCACTGGGGCCTGGACCAGCCTCTTCTGAAACACTGGGAGCCTGAGATTCCAGCCCCTATGTCAGAGCTCACAGAGACTGTGGTCTGTGCCCTGGGGTTGTCTGTGGGCCTCATGGGCATTGTGGTGGGCACTGTCTTCATCATCCAAGGCCTGCGTTCAGTTGGTGCTTCCAGACACCAAGGGCCATTGTGA","DQA1*01:02:01:01, DQA1*01:02:01:02, DQA1*01:02:01:03, DQA1*01:02:01:04"
"ATGATCCTAAACAAAGCTCTGCTGCTGGGGGCCCTCGCTCTGACCACCGTGATGAGCCCCTGTGGAGGTGAAGACATTGTGGCTGACCATGTTGCCTCTTGTGGTGTAAACTTGTACCAGTTTTACGGTCCCTCTGGCCAGTTCACCCATGAATTTGATGGAGATGAGCAGTTCTACGTGGACCTGGAGAAGAAGGAGACTGCCTGGCGGTGGCCTGAGTTCAGCAAATTTGGAGGTTTTGACCCGCAGGGTGCACTGAGAAACATGGCTGTGGCAAAACACAACTTGAACATCATGATTAAACGCTACAACTCTACCGCTGCTACCAATGAGGTTCCTGAGGTCACAGTGTTTTCCAAGTCTCCCGTGACACTGGGTCAGCCCAACACCCTCATCTGTCTTGTGGACAACATCTTTCCTCCTGTGGTCAACATCACATGGCTGAGCAATGGGCACGCAGTCACAGAAGGTGTTTCTGAGACCAGCTTCCTCTCCAAGAGTGATCATTCCTTCTTCAAGATCAGTTACCTCACCTTCCTCCCTTCTGCTGATGAGATTTATGACTGCAAGGTGGAGCACTGGGGCCTGGACCAGCCTCTTCTGAAACACTGGGAGCCTGAGATTCCAGCCCCTATGTCAGAGCTCACAGAGACTGTGGTCTGTGCCCTGGGGTTGTCTGTGGGCCTCGTGGGCATTGTGGTGGGCACTGTCTTCATCATCCAAGGCCTGCGTTCAGTTGGTGCTTCCAGACACCAAGGGCCCTTGTGA","DQA1*01:03:01:01, DQA1*01:03:01:02"
"ATGATCCTAAACAAAGCTCTGCTGCTGGGGGCCCTTGCCCTGACCACCGTGATGAGCCCCTGTGGAGGTGAAGACATTGTGGCTGACCATGTTGCCTCTTATGGTGTAAACTTGTACCAGTCTTACGGTCCCTCTGGCCAGTACACCCATGAATTTGATGGAGACGAGCAGTTCTACGTGGACCTGGGGAGGAAGGAGACTGTCTGGTGTTTGCCTGTTCTCAGACAATTTAGATTTGACCCGCAATTTGCACTGACAAACATCGCTGTGACAAAACACAACTTGAACATCCTGATTAAACGCTCCAACTCTACTGCTGCTACCAATGAGGTTCCTGAGGTCACAGTGTTTTCCAAGTCTCCTGTGACGCTGGGTCAGCCCAACACCCTCATCTGTCTTGTGGACAACATCTTTCCTCCTGTGGTCAACATCACATGGCTGAGCAATGGGCACTCAGTCACAGAAGGTGTTTCTGAGACCAGCTTCCTCTCCAAGAGTGATCATTCCTTCTTCAAGATCAGTTACCTCACCTTCCTCCCTTCTGCTGATGAGATTTATGACTGCAAGGTGGAGCACTGGGGCCTGGACGAGCCTCTTCTGAAACACTGGGAGCCTGAGATTCCAGCCCCTATGTCAGAGCTCACAGAGACTGTGGTCTGCGCCCTGGGATTGTCTGTGGGCCTCGTGGGCATTGTGGTGGGCACTGTCTTCATCATCCGAGGCCTGCGTTCAGTTGGTGCTTCCAGACACCAAGGGCCCTTGTGA","DQA1*04:01:02:01, DQA1*04:01:02:02"
"ATGATGGTTCTGCAGGTTTCTGCGGCCCCCCGGACAGTGGCTCTGACGGCGTTACTGATGGTGCTGCTCACATCTGTGGTCCAGGGCAGGGCCACTCCAGAGAATTACCTTTTCCAGGGACGGCAGGAATGCTACGCGTTTAATGGGACACAGCGCTTCCTGGAGAGATACATCTACAACCGGGAGGAGTTCGCGCGCTTCGACAGCGACGTGGGGGAGTTCCGGGCGGTGACGGAGCTGGGGCGGCCTGCTGCGGAGTACTGGAACAGCCAGAAGGACATCCTGGAGGAGAAGCGGGCAGTGCCGGACAGGATGTGCAGACACAACTACGAGCTGGGCGGGCCCATGACCCTGCAGCGCCGAGTCCAGCCTAGGGTGAATGTTTCCCCCTCCAAGAAGGGGCCCTTGCAGCACCACAACCTGCTTGTCTGCCACGTGACGGATTTCTACCCAGGCAGCATTCAAGTCCGATGGTTCCTGAATGGACAGGAGGAAACAGCTGGGGTCGTGTCCACCAACCTGATCCGTAATGGAGACTGGACCTTCCAGATCCTGGTGATGCTGGAAATGACCCCCCAGCAGGGAGATGTCTACACCTGCCAAGTGGAGCACACCAGCCTGGATAGTCCTGTCACCGTGGAGTGGAAGGCACAGTCTGATTCTGCCCGGAGTAAGACATTGACGGGAGCTGGGGGCTTCGTGCTGGGGCTCATCATCTGTGGAGTGGGCATCTTCATGCACAGGAGGAGCAAGAAAGTTCAACGAGGATCTGCATAA","DPB1*04:01:01:01, DPB1*04:01:01:02"
"ATGATGGTTCTGCAGGTTTCTGCGGCCCCCCGGACAGTGGCTCTGACGGCGTTACTGATGGTGCTGCTCACATCTGTGGTCCAGGGCAGGGCCACTCCAGAGAATTACCTTTTCCAGGGACGGCAGGAATGCTACGCGTTTAATGGGACACAGCGCTTCCTGGAGAGATACATCTACAACCGGGAGGAGTTCGTGCGCTTCGACAGCGACGTGGGGGAGTTCCGGGCGGTGACGGAGCTGGGGCGGCCTGATGAGGAGTACTGGAACAGCCAGAAGGACATCCTGGAGGAGAAGCGGGCAGTGCCGGACAGGATGTGCAGACACAACTACGAGCTGGGCGGGCCCATGACCCTGCAGCGCCGAGTCCAGCCTAGGGTGAATGTTTCCCCCTCCAAGAAGGGGCCCTTGCAGCACCACAACCTGCTTGTCTGCCACGTGACGGATTTCTACCCAGGCAGCATTCAAGTCCGATGGTTCCTGAATGGACAGGAGGAAACAGCTGGGGTCGTGTCCACCAACCTGATCCGTAATGGAGACTGGACCTTCCAGATCCTGGTGATGCTGGAAATGACCCCCCAGCAGGGAGATGTCTACACCTGCCAAGTGGAGCACACCAGCATGGATAGTCCTGTCACCGTGGAGTGGAAGGCACAGTCTGATTCTGCCCGGAGTAAGACATTGACGGGAGCTGGGGGCTTCGTGCTGGGGCTCATCATCTGTGGAGTGGGCATCTTCATGCACAGGAGGAGCAAGAAAGTTCAACGAGGATCTGCATAA","DPB1*04:02:01:01, DPB1*04:02:01:02"
"ATGCGCCCTGAAGACAGAATGTTCCATATCAGAGCTGTGATCTTGAGAGCCCTCTCCTTGGCTTTCCTGCTGAGTCTCCGAGGAGCTGGGGCCATCAAGGCGGACCATGTGTCAACTTATGCCGCGTTTGTACAGACGCATAGACCAACAGGGGAGTTTATGTTTGAATTTGATGAAGATGAGATGTTCTATGTGGATCTGGACAAGAAGGAGACCGTCTGGCATCTGGAGGAGTTTGGCCAAGCCTTTTCCTTTGAGGCTCAGGGCGGGCTGGCTAACATTGCTATATTGAACAACAACTTGAATACCTTGATCCAGCGTTCCAACCACACTCAGGCCACCAACGATCCCCCTGAGGTGACCGTGTTTCCCAAGGAGCCTGTGGAGCTGGGCCAGCCCAACACCCTCATCTGCCACATTGACAAGTTCTTCCCACCAGTGCTCAACGTCACGTGGCTGTGCAACGGGGAGCTGGTCACTGAGGGTGTCGCTGAGAGCCTCTTCCTGCCCAGAACAGATTACAGCTTCCACAAGTTCCATTACCTGACCTTTGTGCCCTCAGCAGAGGACTTCTATGACTGCAGGGTGGAGCACTGGGGCTTGGACCAGCCGCTCCTCAAGCACTGGGAGGCCCAAGAGCCAATCCAGATGCCTGAGACAACGGAGACTGTGCTCTGTGCCCTGGGCCTGGTGCTGGGCCTAGTCGGCATCATCGTGGGCACCGTCCTCATCATAAAGTCTCTGCGTTCTGGCCATGACCCCCGGGCCCAGGGGACCCTGTGA","DPA1*01:03:01:01, DPA1*01:03:01:02, DPA1*01:03:01:03, DPA1*01:03:01:04, DPA1*01:03:01:05"
"ATGCGGCTCCCTGACCTGAGACCCTGGACCTCCCTGCTGCTGGTGGACGCGGCTTTACTGTGGCTGCTTCAGGGCCCTCTGGGGACTTTGCTTCCTCAAGGGCTGCCAGGACTATGGCTGGAGGGGACCCTGCGGCTGGGAGGGCTGTGGGGGCTGCTAAAGCTAAGAGGGCTGCTGGGATTTGTGGGGACACTGCTGCTCCCGCTCTGTCTGGCCACCCCCCTGACTGTCTCCCTGAGAGCCCTGGTCGCGGGGGCCTCACGTGCTCCCCCAGCCAGAGTCGCTTCAGCCCCTTGGAGCTGGCTGCTGGTGGGGTACGGGGCTGCGGGGCTCAGCTGGTCACTGTGGGCTGTTCTGAGCCCTCCTGGAGCCCAGGAGAAGGAGCAGGACCAGGTGAACAACAAAGTCTTGATGTGGAGGCTGCTGAAGCTCTCCAGGCCGGACCTGCCTCTCCTCGTTGCCGCCTTCTTCTTCCTTGTCCTTGCTGTTTTGGGTGAGACATTAATCCCTCACTATTCTGGTCGTGTGATTGACATCCTGGGAGGTGATTTTGACCCCCATGCCTTTGCCAGTGCCATCTTCTTCATGTGCCTCTTCTCCTTTGGCAGCTCACTGTCTGCAGGCTGCCGAGGAGGCTGCTTCACCTACACCATGTCTCGAATCAACTTGCGGATCCGGGAGCAGCTTTTCTCCTCCCTGCTGCGCCAGGACCTCGGTTTCTTCCAGGAGACTAAGACAGGGGAGCTGAACTCACGGCTGAGCTCGGATACCACCCTGATGAGTAACTGGCTTCCTTTAAATGCCAATGTGCTCTTGCGAAGCCTGGTGAAAGTGGTGGGGCTGTATGGCTTCATGCTCAGCATATCGCCTCGACTCACCCTCCTTTCTCTGCTGCACATGCCCTTCACAATAGCAGCGGAGAAGGTGTACAACACCCGCCATCAGGAAGTGCTTCGGGAGATCCAGGATGCAGTGGCCAGGGCGGGGCAGGTGGTGCGGGAAGCCGTTGGAGGGCTGCAGACCGTTCGCAGTTTTGGGGCCGAGGAGCATGAAGTCTGTCGCTATAAAGAGGCCCTTGAACAATGTCGGCAGCTGTATTGGCGGAGAGACCTGGAACGCGCCTTGTACCTGCTCGTAAGGAGGGTGCTGCACTTGGGGGTGCAGATGCTGATGCTGAGCTGTGGGCTGCAGCAGATGCAGGATGGGGAGCTCACCCAGGGCAGCCTGCTTTCCTTTATGATCTACCAGGAGAGCGTGGGGAGCTATGTGCAGACCCTGGTATACATATATGGGGATATGCTCAGCAACGTGGGAGCTGCAGAGAAGGTTTTCTCCTACATGGACCGACAGCCAAATCTGCCTTCACCTGGCACGCTTGCCCCCACCACTCTGCAGGGGGTTGTGAAATTCCAAGACGTCTCCTTTGCATATCCCAATCGCCCTGACAGGCCTGTGCTCAAGGGGCTGACGTTTACCCTACGTCCTGGTGAGGTGACGGCGCTGGTGGGACCCAATGGGTCTGGGAAGAGCACAGTGGCTGCCCTGCTGCAGAATCTGTACCAGCCCACAGGGGGACAGGTGCTGCTGGATGAAAAGCCCATCTCACAGTATGAACACTGCTACCTGCACAGCCAGGTGGTTTCAGTTGGGCAGGAGCCTGTGCTGTTCTCCGGTTCTGTGAGGAACAACATTGCTTATGGGCTGCAGAGCTGCGAAGATGATAAGGTGATGGCGGCTGCCCAGGCTGCCCACGCAGATGACTTCATCCAGGAAATGGAGCATGGAATATACACAGATGTAGGGGAGAAGGGAAGCCAGCTGGCTGCGGGACAGAAACAACGTCTGGCCATTGCCCGGGCCCTTGTACGAGACCCGCGGGTCCTCATCCTGGATGAGGCTACTAGTGCCCTAGATGTGCAGTGCGAGCAGGCCCTGCAGGACTGGAATTCCCGTGGGGATCGCACAGTGCTGGTGATTGCTCACAGGCTGCAGACAGTTCAGCGCGCCCACCAGATCCTGGTGCTCCAGGAGGGCAAGCTGCAGAAGCTTGCCCAGCTCTAGGAGGGACAGGACCTCTATTCCCGCCTGGTGCAGCAGCGGCTGATGGACTGA","TAP2*01:01:03:01, TAP2*01:01:03:02, TAP2*01:01:03:03"
"ATGCGGCTCCCTGACCTGAGACCCTGGACCTCCCTGCTGCTGGTGGACGCGGCTTTACTGTGGCTGCTTCAGGGCCCTCTGGGGACTTTGCTTCCTCAAGGGCTGCCAGGACTATGGCTGGAGGGGACCCTGCGGCTGGGAGGGCTGTGGGGGCTGCTAAAGCTAAGAGGGCTGCTGGGATTTGTGGGGACACTGCTGCTCCCGCTCTGTCTGGCCACCCCCCTGACTGTCTCCCTGAGAGCCCTGGTCGCGGGGGCCTCACGTGCTCCCCCAGCCAGAGTCGCTTCAGCCCCTTGGAGCTGGCTGCTGGTGGGGTACGGGGCTGCGGGGCTCAGCTGGTCACTGTGGGCTGTTCTGAGCCCTCCTGGAGCCCAGGAGAAGGAGCAGGACCAGGTGAACAACAAAGTCTTGATGTGGAGGCTGCTGAAGCTCTCCAGGCCGGACCTGCCTCTCCTCGTTGCCGCCTTCTTCTTCCTTGTCCTTGCTGTTTTGGGTGAGACATTAATCCCTCACTATTCTGGTCGTGTGATTGACATCCTGGGAGGTGATTTTGACCCCCATGCCTTTGCCAGTGCCATCTTCTTCATGTGCCTCTTCTCCTTTGGCAGCTCACTGTCTGCAGGCTGCCGAGGAGGCTGCTTCACCTACACCATGTCTCGAATCAACTTGCGGATCCGGGAGCAGCTTTTCTCCTCCCTGCTGCGCCAGGACCTCGGTTTCTTCCAGGAGACTAAGACAGGGGAGCTGAACTCACGGCTGAGCTCGGATACCACCCTGATGAGTAACTGGCTTCCTTTAAATGCCAATGTGCTCTTGCGAAGCCTGGTGAAAGTGGTGGGGCTGTATGGCTTCATGCTCAGCATATCGCCTCGACTCACCCTCCTTTCTCTGCTGCACATGCCCTTCACAATAGCAGCGGAGAAGGTGTACAACACCCGCCATCAGGAAGTGCTTCGGGAGATCCAGGATGCAGTGGCCAGGGCGGGGCAGGTGGTGCGGGAAGCCGTTGGAGGGCTGCAGACCGTTCGCAGTTTTGGGGCCGAGGAGCATGAAGTCTGTCGCTATAAAGAGGCCCTTGAACAATGTCGGCAGCTGTATTGGCGGAGAGACCTGGAACGCGCCTTGTACCTGCTCGTAAGGAGGGTGCTGCACTTGGGGGTGCAGATGCTGATGCTGAGCTGTGGGCTGCAGCAGATGCAGGATGGGGAGCTCACCCAGGGCAGCCTGCTTTCCTTTATGATCTACCAGGAGAGCGTGGGGAGCTATGTGCAGACCCTGGTATACATATATGGGGATATGCTCAGCAACGTGGGAGCTGCAGAGAAGGTTTTCTCCTACATGGACCGACAGCCAAATCTGCCTTCACCTGGCACGCTTGCCCCCACCACTCTGCAGGGGGTTGTGAAATTCCAAGACGTCTCCTTTGCATATCCCAATCGCCCTGACAGGCCTGTGCTCAAGGGGCTGACGTTTACCCTACGTCCTGGTGAGGTGACGGCGCTGGTGGGACCCAATGGGTCTGGGAAGAGCACAGTGGCTGCCCTGCTGCAGAATCTGTACCAGCCCACAGGGGGACAGGTGCTGCTGGATGAAAAGCCCATCTCACAGTATGAACACTGCTACCTGCACAGCCAGGTGGTTTCAGTTGGGCAGGAGCCTGTGCTGTTCTCCGGTTCTGTGAGGAACAACATTGCTTATGGGCTGCAGAGCTGCGAAGATGATAAGGTGATGGCGGCTGCCCAGGCTGCCCACGCAGATGACTTCATCCAGGAAATGGAGCATGGAATATACACAGATGTAGGGGAGAAGGGGAGCCAGCTGGCTGCGGGACAGAAACAACGTCTGGCCATTGCCCGGGCCCTTGTACGAGACCCGCGGGTCCTCATCCTGGATGAGGCTACTAGTGCCCTAGATGTGCAGTGCGAGCAGGCCCTGCAGGACTGGAATTCCCGTGGGGATCGCACAGTGCTGGTGATTGCTCACAGGCTGCAGGCAGTTCAGCGCGCCCACCAGATCCTGGTGCTCCAGGAGGGCAAGCTGCAGAAGCTTGCCCAGCTCCAGGAGGGACAGGACCTCTATTCCCGCCTGGTTCAGCAGCGGCTGATGGACTGA","TAP2*02:01:02:01, TAP2*02:01:02:02, TAP2*02:01:02:03"
"ATGCGGGTCACGGCACCCCGAACCCTCCTCCTGCTGCTCTGGGGGGCCCTGGCCCTGACCGAGACCTGGGCCGGCTCCCACTCCATGAGGTATTTCTACACCGCCATGTCCCGGCCCGGCCGCGGGGAGCCCCGCTTCATCGCAGTGGGCTACGTGGACGACACGCAGTTCGTGAGGTTCGACAGCGACGCCGCGAGTCCGAGAGAGGAGCCGCGGGCGCCGTGGATAGAGCAGGAGGGGCCGGAGTATTGGGACCGGAACACACAGATCTTCAAGACCAACACACAGACTTACCGAGAGAACCTGCGGATCGCGCTCCGCTACTACAACCAGAGCGAGGCCGGGTCTCACACTTGGCAGACGATGTATGGCTGCGACCTGGGGCCGGACGGGCGCCTCCTCCGCGGGCATAACCAGTTAGCCTACGACGGCAAGGATTACATCGCCCTGAACGAGGACCTGAGCTCCTGGACCGCGGCGGACACCGCGGCTCAGATCACCCAGCGCAAGTGGGAGGCGGCCCGTGTGGCGGAGCAGCTGAGAGCCTACCTGGAGGGCACGTGCGTGGAGTGGCTCCGCAGATACCTGGAGAACGGGAAGGAGACGCTGCAGCGCGCGGACCCCCCAAAGACACACGTGACCCACCACCCCATCTCTGACCATGAGGCCACCCTGAGGTGCTGGGCCCTGGGCTTCTACCCTGCGGAGATCACACTGACCTGGCAGCGGGATGGCGAGGACCAAACTCAGGACACTGAGCTTGTGGAGACCAGACCAGCAGGAGATAGAACCTTCCAGAAGTGGGCAGCTGTGGTGGTGCCTTCTGGAGAAGAGCAGAGATACACATGCCATGTACAGCATGAGGGGCTGCCGAAGCCCCTCACCCTGAGATGGGAGCCATCTTCCCAGTCCACCATCCCCATCGTGGGCATTGTTGCTGGCCTGGCTGTCCTAGCAGTTGTGGTCATCGGAGCTGTGGTCGCTACTGTGATGTGTAGGAGGAAGAGCTCAGGTGGAAAAGGAGGGAGCTACTCTCAGGCTGCGTCCAGCGACAGTGCCCAGGGCTCTGATGTGTCTCTCACAGCTTGA","B*59:01:01:01, B*59:01:01:02"
"ATGCGGGTCACGGCGCCCCGAACCCTCCTCCTGCTGCTCTGGGGGGCAGTGGCCCTGACCGAGACCTGGGCCGGCTCCCACTCCATGAGGTATTTCTACACCGCCATGTCCCGGCCCGGCCGCGGGGAGCCCCGCTTCATCACCGTGGGCTACGTGGACGACACGCTGTTCGTGAGGTTCGACAGCGACGCCACGAGTCCGAGGAAGGAGCCGCGGGCGCCATGGATAGAGCAGGAGGGGCCGGAGTATTGGGACCGGGAGACACAGATCTCCAAGACCAACACACAGACTTACCGAGAGAACCTGCGCACCGCGCTCCGCTACTACAACCAGAGCGAGGCCGGGTCTCACATCATCCAGAGGATGTACGGCTGCGACGTGGGGCCGGACGGGCGCCTCCTCCGCGGGTATGACCAGGACGCCTACGACGGCAAGGATTACATCGCCCTGAACGAGGACCTGAGCTCCTGGACCGCGGCGGACACCGCGGCTCAGATCACCCAGCGCAAGTGGGAGGCGGCCCGTGTGGCGGAGCAGGACAGAGCCTACCTGGAGGGCCTGTGCGTGGAGTCGCTCCGCAGATACCTGGAGAACGGGAAGGAGACGCTGCAGCGCGCGGACCCCCCAAAGACACATGTGACCCACCACCCCATCTCTGACCATGAGGTCACCCTGAGGTGCTGGGCCCTGGGCTTCTACCCTGCGGAGATCACACTGACCTGGCAGCGGGATGGCGAGGACCAAACTCAGGACACCGAGCTTGTGGAGACCAGACCAGCAGGAGATAGAACCTTCCAGAAGTGGGCAGCTGTGGTGGTGCCTTCTGGAGAAGAGCAGAGATACACATGCCATGTACAGCATGAGGGGCTGCCGAAGCCCCTCACCCTGAGATGGGAGCCGTCTTCCCAGTCCACCGTCCCCATCGTGGGCATTGTTGCTGGCCTGGCTGTCCTAGCAGTTGTGGTCATCGGAGCTGTGGTCGCTGCTGTGATGTGTAGGAGGAAGAGCTCAGGTGGAAAAGGAGGGAGCTACTCTCAGGCTGCGTGCAGCGACAGTGCCCAGGGCTCTGATGTGTCTCTCACAGCTTGA","B*44:02:01:01, B*44:02:01:03"
"ATGCGGGTCACGGCGCCCCGAACCCTCCTCCTGCTGCTCTGGGGGGCAGTGGCCCTGACCGAGACCTGGGCTGGCTCCCACTCCATGAGGTATTTCCACACCTCCGTGTCCCGGCCCGGCCGCGGGGAGCCCCGCTTCATCACCGTGGGCTACGTGGACGACACGCTGTTCGTGAGGTTCGACAGCGACGCCACGAGTCCGAGGAAGGAGCCGCGGGCGCCATGGATAGAGCAGGAGGGGCCGGAGTATTGGGACCGGGAGACACAGATCTCCAAGACCAACACACAGACTTACCGAGAGAGCCTGCGGAACCTGCGCGGCTACTACAACCAGAGCGAGGCCGGGTCTCACACTTGGCAGACGATGTATGGCTGCGACGTGGGGCCGGACGGGCGCCTCCTCCGCGGGCATAACCAGTACGCCTACGACGGCAAGGATTACATCGCCCTGAACGAGGACCTGCGCTCCTGGACCGCCGCGGACACGGCGGCTCAGATCACCCAGCGCAAGTGGGAGGCGGCCCGTGTGGCGGAGCAGCTGAGAGCCTACCTGGAGGGCGAGTGCGTGGAGTGGCTCCGCAGATACCTGGAGAACGGGAAGGAGACGCTGCAGCGCGCGGACCCCCCAAAGACACACGTGACCCACCACCCCATCTCTGACCATGAGGCCACCCTGAGGTGCTGGGCCCTGGGCTTCTACCCTGCGGAGATCACACTGACCTGGCAGCGGGATGGCGAGGACCAAACTCAGGACACTGAGCTTGTGGAGACCAGACCAGCAGGAGATAGAACCTTCCAGAAGTGGGCAGCTGTGGTGGTGCCTTCTGGAGAAGAGCAGAGATACACATGCCATGTACAGCATGAGGGGCTGCCGAAGCCCCTCACCCTGAGATGGGAGCCGTCTTCCCAGTCCACCGTCCCCATCGTGGGCATTGTTGCTGGCCTGGCTGTCCTAGCAGTTGTGGTCATCGGAGCTGTGGTCGCTGCTGTGATGTGTAGGAGGAAGAGCTCAGGTGGAAAAGGAGGGAGCTACTCTCAGGCTGCGTGCAGCGACAGTGCCCAGGGCTCTGATGTGTCTCTCACAGCTTGA","B*40:06:01:01, B*40:06:01:02"
"ATGCGGGTCACGGCGCCCCGAACCCTCCTCCTGCTGCTCTGGGGGGCAGTGGCCCTGACCGAGACCTGGGCTGGCTCCCACTCCATGAGGTATTTCCACACCTCCGTGTCCCGGCCCGGCCGCGGGGAGCCCCGCTTCATCTCAGTGGGCTACGTGGACGGCACCCAGTTCGTGAGGTTCGACAGCGACGCCGCGAGTCCGAGGACGGAGCCCCGGGCGCCGTGGATAGAGCAAGAGGGGCCGGAGTATTGGGACCGGAACACACAGATCTCCAAGACCAACACACAGACTTACCGAGAGAGCCTGCGGAACCTGCGCGGCTACTACAACCAGAGCGAGGCCGGGTCTCACACCCTCCAGAGGATGTACGGCTGCGACGTGGGGCCGGACGGGCGCCTCCTCCGCGGGCATGACCAGTCCGCCTACGACGGCAAGGATTACATCGCCCTGAACGAGGACCTGAGCTCCTGGACCGCGGCGGACACCGCGGCTCAGATCACCCAGCGCAAGTGGGAGGCGGCCCGTGTGGCGGAGCAGCTGAGAGCCTACCTGGAGGGCACGTGCGTGGAGTGGCTCCGCAGACACCTGGAGAACGGGAAGGAGACGCTGCAGCGCGCGGACCCCCCAAAGACACATGTGACCCACCACCCCATCTCTGACCATGAGGCCACCCTGAGGTGCTGGGCCCTGGGCTTCTACCCTGCGGAGATCACACTGACCTGGCAGCGGGATGGCGAGGACCAAACTCAGGACACCGAGCTTGTGGAGACCAGACCAGCAGGAGATAGAACCTTCCAGAAGTGGGCAGCTGTGGTGGTGCCTTCTGGAGAAGAGCAGAGATACACATGCCATGTACAGCATGAGGGGCTGCCGAAGCCCCTCACCCTGAGATGGGAGCCATCTTCCCAGTCCACCATCCCCATCGTGGGCATTGTTGCTGGCCTGGCTGTCCTAGCAGTTGTGGTCATCGGAGCTGTGGTCGCTACTGTGATGTGTAGGAGGAAGAGCTCAGGTGGAAAAGGAGGGAGCTACTCTCAGGCTGCGTCCAGCGACAGTGCCCAGGGCTCTGATGTGTCTCTCACAGCTTGA","B*18:01:01:01, B*18:01:01:02"
"ATGCGGGTCACGGCGCCCCGAACCCTCCTCCTGCTGCTCTGGGGGGCAGTGGCCCTGACCGAGACCTGGGCTGGCTCCCACTCCATGAGGTATTTCTACACCGCCATGTCCCGGCCCGGCCGCGGGGAGCCCCGCTTCATCACCGTGGGCTACGTGGACGACACGCTGTTCGTGAGGTTCGACAGCGACGCCACGAGTCCGAGGAAGGAGCCGCGGGCGCCATGGATAGAGCAGGAGGGGCCGGAGTATTGGGACCGGGAGACACAGATCTCCAAGACCAACACACAGACTTACCGAGAGGACCTGCGGACCCTGCTCCGCTACTACAACCAGAGCGAGGCCGGGTCTCACACCCTCCAGAGGATGTTTGGCTGCGACGTGGGGCCGGACGGGCGCCTCCTCCGCGGGTACCACCAGGACGCCTACGACGGCAAGGATTACATCGCCCTGAACGAGGACCTGAGCTCCTGGACCGCCGCGGACACGGCGGCTCAGATCACCCAGCGCAAGTGGGAGGCGGCCCGTGTGGCGGAGCAGCTGAGAGCCTACCTGGAGGGCGAGTGCGTGGAGTGGCTCCGCAGATACCTGGAGAACGGGAAGGAGACGCTGCAGCGCGCGGACCCCCCAAAGACACACGTGACCCACCACCCCATCTCTGACCATGAGGCCACCCTGAGGTGCTGGGCCCTGGGCTTCTACCCTGCGGAGATCACACTGACCTGGCAGCGGGATGGCGAGGACCAAACTCAGGACACTGAGCTTGTGGAGACCAGACCAGCAGGAGATAGAACCTTCCAGAAGTGGGCAGCTGTGGTGGTGCCTTCTGGAGAAGAGCAGAGATACACATGCCATGTACAGCATGAGGGGCTGCCGAAGCCCCTCACCCTGAGATGGGAGCCGTCTTCCCAGTCCACCGTCCCCATCGTGGGCATTGTTGCTGGCCTGGCTGTCCTAGCAGTTGTGGTCATCGGAGCTGTGGTCGCTGCTGTGGTGTGTAGGAGGAAGAGCTCAGGTGGAAAAGGAGGGAGCTACTCTCAGGCTGCGTGCAGCGACAGTGCCCAGGGCTCTGATGTGTCTCTCACAGCTTGA","B*47:01:01:01, B*47:01:01:02"
"ATGCGGGTCACGGCGCCCCGAACCGTCCTCCTGCTGCTCTCGGGAGCCCTGGCCCTGACCGAGACCTGGGCCGGCTCCCACTCCATGAGGTATTTCTACACCGCCATGTCCCGGCCCGGCCGCGGGGAGCCCCGCTTCATCGCAGTGGGCTACGTGGACGACACCCAGTTCGTGAGGTTCGACAGCGACGCCGCGAGTCCGAGGATGGCGCCCCGGGCGCCATGGATAGAGCAGGAGGGGCCGGAGTATTGGGACCGGGAGACACGGAACATGAAGGCCTCCGCGCAGACTTACCGAGAGAACCTGCGGATCGCGCTCCGCTACTACAACCAGAGCGAGGCCGGGTCTCACACCCTCCAGAGGATGTACGGCTGCGACGTGGGGCCGGACGGGCGCCTCCTCCGCGGGTACCACCAGGACGCCTACGACGGCAAGGATTACATCGCCCTGAACGAGGACCTGAGCTCCTGGACCGCGGCGGACACGGCGGCTCAGATCACCCAGCGCAAGTGGGAGGCGGCCCGTGAGGCGGAGCAGCTGAGAGCCTACCTGGAGGGCCTGTGCGTGGAGTGGCTCCGCAGATACCTGGAGAACGGGAAGGAGACGCTGCAGCGCGCGGACCCCCCAAAGACACATGTGACCCACCACCCCATCTCTGACCATGAGGCCACCCTGAGGTGCTGGGCCCTGGGCTTCTACCCTGCGGAGATCACACTGACCTGGCAGCGGGATGGCGAGGACCAAACTCAGGACACCGAGCTTGTGGAGACCAGACCAGCAGGAGATAGAACCTTCCAGAAGTGGGCAGCTGTGGTGGTGCCTTCTGGAGAAGAGCAGAGATACACATGCCATGTACAGCATGAGGGGCTGCCGAAGCCCCTCACCCTGAGATGGGAGCCATCTTCCCAGTCCACCATCCCCATCGTGGGCATTGTTGCTGGCCTGGCTGTCCTAGCAGTTGTGGTCATCGGAGCTGTGGTCGCTACTGTGATGTGTAGGAGGAAGAGCTCAGGTGGAAAAGGAGGGAGCTACTCTCAGGCTGCGTCCAGCGACAGTGCCCAGGGCTCTGATGTGTCTCTCACAGCTTGA","B*15:17:01:01, B*15:17:01:02"
"ATGCGGGTCACGGCGCCCCGAACCGTCCTCCTGCTGCTCTGGGGGGCAGTGGCCCTGACCGAGACCTGGGCCGGCTCCCACTCCATGAGGTATTTCTACACCGCCATGTCCCGGCCCGGCCGCGGGGAGCCCCGCTTCATCGCAGTGGGCTACGTGGACGACACCCAGTTCGTGAGGTTCGACAGCGACGCCGCGAGTCCGAGGACGGAGCCCCGGGCGCCATGGATAGAGCAGGAGGGGCCGGAGTATTGGGACCGGAACACACAGATCTTCAAGACCAACACACAGACTTACCGAGAGAGCCTGCGGAACCTGCGCGGCTACTACAACCAGAGCGAGGCCGGGTCTCACATCATCCAGAGGATGTATGGCTGCGACCTGGGGCCCGACGGGCGCCTCCTCCGCGGGCATGACCAGTCCGCCTACGACGGCAAGGATTACATCGCCCTGAACGAGGACCTGAGCTCCTGGACCGCGGCGGACACCGCGGCTCAGATCACCCAGCGCAAGTGGGAGGCGGCCCGTGTGGCGGAGCAGCTGAGAGCCTACCTGGAGGGCCTGTGCGTGGAGTGGCTCCGCAGATACCTGGAGAACGGGAAGGAGACGCTGCAGCGCGCGGACCCCCCAAAGACACACGTGACCCACCACCCCGTCTCTGACCATGAGGCCACCCTGAGGTGCTGGGCCCTGGGCTTCTACCCTGCGGAGATCACACTGACCTGGCAGCGGGATGGCGAGGACCAAACTCAGGACACTGAGCTTGTGGAGACCAGACCAGCAGGAGATAGAACCTTCCAGAAGTGGGCAGCTGTGGTGGTGCCTTCTGGAGAAGAGCAGAGATACACATGCCATGTACAGCATGAGGGGCTGCCGAAGCCCCTCACCCTGAGATGGGAGCCATCTTCCCAGTCCACCATCCCCATCGTGGGCATTGTTGCTGGCCTGGCTGTCCTAGCAGTTGTGGTCATCGGAGCTGTGGTCGCTACTGTGATGTGTAGGAGGAAGAGCTCAGGTGGAAAAGGAGGGAGCTACTCTCAGGCTGCGTCCAGCGACAGTGCCCAGGGCTCTGATGTGTCTCTCACAGCTTGA","B*35:01:01:01, B*35:01:01:02"
"ATGCGGGTCACGGCGCCCCGAACCGTCCTCCTGCTGCTCTGGGGGGCAGTGGCCCTGACCGAGACCTGGGCCGGCTCCCACTCCATGAGGTATTTCTACACCGCCATGTCCCGGCCCGGCCGCGGGGAGCCCCGCTTCATCGCAGTGGGCTACGTGGACGACACCCAGTTCGTGAGGTTCGACAGCGACGCCGCGAGTCCGAGGACGGAGCCCCGGGCGCCATGGATAGAGCAGGAGGGGCCGGAGTATTGGGACCGGGAGACACAGATCTCCAAGACCAACACACAGACTTACCGAGAGAACCTGCGGATCGCGCTCCGCTACTACAACCAGAGCGAGGCCGGGTCTCACACTTGGCAGACGATGTATGGCTGCGACGTGGGGCCGGACGGGCGCCTCCTCCGCGGGCATAACCAGTACGCCTACGACGGCAAAGATTACATCGCCCTGAACGAGGACCTGAGCTCCTGGACCGCGGCGGACACCGCGGCTCAGATCACCCAGCGCAAGTGGGAGGCGGCCCGTGAGGCGGAGCAGCTGAGAGCCTACCTGGAGGGCCTGTGCGTGGAGTGGCTCCGCAGACACCTGGAGAACGGGAAGGAGACGCTGCAGCGCGCGGACCCCCCAAAGACACACGTGACCCACCACCCCGTCTCTGACCATGAGGCCACCCTGAGGTGCTGGGCCCTGGGCTTCTACCCTGCGGAGATCACACTGACCTGGCAGCGGGATGGCGAGGACCAAACTCAGGACACTGAGCTTGTGGAGACCAGACCAGCAGGAGATAGAACCTTCCAGAAGTGGGCAGCTGTGGTGGTGCCTTCTGGAGAAGAGCAGAGATACACATGCCATGTACAGCATGAGGGGCTGCCGAAGCCCCTCACCCTGAGATGGGAGCCATCTTCCCAGTCCACCATCCCCATCGTGGGCATTGTTGCTGGCCTGGCTGTCCTAGCAGTTGTGGTCATCGGAGCTGTGGTCGCTACTGTGATGTGTAGGAGGAAGAGCTCAGGTGGAAAAGGAGGGAGCTACTCTCAGGCTGCGTCCAGCGACAGTGCCCAGGGCTCTGATGTGTCTCTCACAGCTTGA","B*52:01:01:01, B*52:01:01:02"
"ATGCGGGTCATGGCGCCCCAAGCCCTCCTCCTGCTGCTCTCGGGAGCCCTGGCCCTGATCGAGACCTGGGCCGGCTCCCACTCCATGAGGTATTTCTACACCGCCGTGTCCCGGCCCGGCCGCGGAGAGCCCCGCTTCATCGCAGTGGGCTACGTGGACGACACGCAGTTCGTGCGGTTCGACAGCGACGCCGCGAGTCCGAGAGGGGAGCCGCGGGCGCCGTGGGTGGAGCAGGAGGGGCCGGAGTATTGGGACCGGGAGACACAGAAGTACAAGCGCCAGGCACAGGCTGACCGAGTGAACCTGCGGAAACTGCGCGGCTACTACAACCAGAGCGAGGCCGGTTCTCACACCATCCAGAGGATGTATGGCTGCGACCTGGGGCCCGACGGGCGCCTCCTCCGCGGGTATAACCAGTTCGCCTACGACGGCAAGGATTACATCGCCCTGAACGAGGACCTGCGCTCCTGGACCGCGGCGGACACGGCGGCTCAGATCTCCCAGCGCAAGTTGGAGGCGGCCCGTGAGGCGGAGCAGCTGAGAGCCTACCTGGAGGGCGAGTGCGTGGAGTGGCTCCGCGGATACCTGGAGAACGGGAAGGAGACGCTGCAGCGCGCGGAACGCCCAAAGACACACGTGACCCACCATCCCGTCTCTGACCATGAGGCCACCCTGAGGTGCTGGGCCCTGGGCTTCTACCCTGCGGAGATCACACTGACCTGGCAGCGGGATGGGGAGGACCAAACTCAGGACACCGAGCTTGTGGAGACCAGGCCAGCAGGAGATGGAACCTTCCAGAAGTGGGCAGCTGTGGTGGTGCCTTCTGGACAAGAACAGAGATACACGTGCCATGTGCAGCACGAGGGGCTGCAGGAGCCCTGCACCCTGAGATGGAAGCCGTCTTCCCAGCCCACCATCCCCAACTTGGGCATCGTTTCTGGCCCAGCTGTCCTGGCTGTCCTGGCTGTCCTGGCTGTCCTAGCTGTCCTAGGAGCTGTGGTCGCTGCTGTGATACATAGGAGGAAGAGCTCAGGTGGAAAAGGAGGGAGCTGCTCTCAGGCTGCGTCCAGCAACAGTGCCCAGGGCTCTGATGAGTCTCTCATCGCTTGTAAAGCCTGA","C*17:01:01:01, C*17:01:01:02, C*17:01:01:03"
"ATGCGGGTCATGGCGCCCCGAACCCTCATCCTGCTGCTCTCGGGAGCCCTGGCCCTGACCGAGACCTGGGCCGGCTCCCACTCCATGAGGTATTTCTACACCGCTGTGTCCCGGCCCGGCCGCGGGGAGCCCCACTTCATCGCAGTGGGCTACGTGGACGACACGCAGTTCGTGCGGTTCGACAGCGACGCCGCGAGTCCGAGAGGGGAGCCGCGGGCGCCGTGGGTGGAGCAGGAGGGGCCGGAGTATTGGGACCGGGAGACACAGAAGTACAAGCGCCAGGCACAGACTGACCGAGTGAGCCTGCGGAACCTGCGCGGCTACTACAACCAGAGCGAGGCCGGGTCTCACATCATCCAGAGGATGTATGGCTGCGACGTGGGGCCCGACGGGCGCCTCCTCCGCGGGTATGACCAGTACGCCTACGACGGCAAGGATTACATCGCCCTGAACGAGGATCTGCGCTCCTGGACCGCCGCGGACACGGCGGCTCAGATCACCCAGCGCAAGTGGGAGGCGGCCCGTGAGGCGGAGCAGCTGAGAGCCTACCTGGAGGGCCTGTGCGTGGAGTGGCTCCGCAGATACCTGAAGAATGGGAAGGAGACGCTGCAGCGCGCGGAACACCCAAAGACACACGTGACCCACCATCCCGTCTCTGACCATGAGGCCACCCTGAGGTGCTGGGCCCTGGGCTTCTACCCTGCGGAGATCACACTGACCTGGCAGTGGGATGGGGAGGACCAAACTCAGGACACTGAGCTTGTGGAGACCAGGCCAGCAGGAGATGGAACCTTCCAGAAGTGGGCAGCTGTGGTGGTGCCTTCTGGAGAAGAGCAGAGATACACGTGCCATGTGCAGCACGAGGGGCTGCCGGAGCCCCTCACCCTGAGATGGGAGCCGTCTTCCCAGCCCACCATCCCCATCGTGGGCATCGTTGCTGGCCTGGCTGTCCTGGCTGTCCTAGCTGTCCTAGGAGCTGTGGTGGCTGTTGTGATGTGTAGGAGGAAGAGCTCAGGTGGAAAAGGAGGGAGCTGCTCTCAGGCTGCGTCCAGCAACAGTGCCCAGGGCTCTGATGAGTCTCTCATCGCTTGTAAAGCCTGA","C*03:04:01:01, C*03:04:01:02"
"ATGCGGGTCATGGCGCCCCGAACCCTCATCCTGCTGCTCTCGGGAGCCCTGGCCCTGACCGAGACCTGGGCCGGCTCCCACTCCATGAGGTATTTCTACACCGCTGTGTCCCGGCCCGGCCGCGGGGAGCCCCACTTCATCGCAGTGGGCTACGTGGACGACACGCAGTTCGTGCGGTTCGACAGCGACGCCGCGAGTCCGAGAGGGGAGCCGCGGGCGCCGTGGGTGGAGCAGGAGGGGCCGGAGTATTGGGACCGGGAGACACAGAAGTACAAGCGCCAGGCACAGACTGACCGAGTGAGCCTGCGGAACCTGCGCGGCTACTACAACCAGAGCGAGGCCGGGTCTCACATCCTCCAGAGGATGTATGGCTGCGACGTGGGGCCCGACGGGCGCCTCCTCCGCGGGTATGACCAGTCCGCCTACGACGGCAAGGATTACATCGCCCTGAACGAGGATCTGCGCTCCTGGACCGCCGCGGACACGGCGGCTCAGATCACCCAGCGCAAGTGGGAGGCGGCCCGTGAGGCGGAGCAGCTGAGAGCCTACCTGGAGGGCCTGTGCGTGGAGTGGCTCCGCAGATACCTGAAGAATGGGAAGGAGACGCTGCAGCGCGCGGAACACCCAAAGACACACGTGACCCACCATCCCGTCTCTGACCATGAGGCCACCCTGAGGTGCTGGGCCCTGGGCTTCTACCCTGCGGAGATCACACTGACCTGGCAGTGGGATGGGGAGGACCAAACTCAGGACACTGAGCTTGTGGAGACCAGGCCAGCAGGAGATGGAACCTTCCAGAAGTGGGCAGCTGTGGTGGTGCCTTCTGGAGAAGAGCAGAGATACACGTGCCATGTGCAGCACGAGGGGCTGCCGGAGCCCCTCACCCTGAGATGGGAGCCGTCTTCCCAGCCCACCATCCCCATCGTGGGCATCGTTGCTGGCCTGGCTGTCCTGGCTGTCCTAGCTGTCCTAGGAGCTGTGGTGGCTGTTGTGATGTGTAGGAGGAAGAGCTCAGGTGGAAAAGGAGGGAGCTGCTCTCAGGCTGCGTCCAGCAACAGTGCCCAGGGCTCTGATGAGTCTCTCATCGCTTGTAAAGCCTGA","C*03:02:02:01, C*03:02:02:02, C*03:02:02:03"
"ATGCGGGTCATGGCGCCCCGAACCCTCATCCTGCTGCTCTCGGGAGCCCTGGCCCTGACCGAGACCTGGGCCGGCTCCCACTCCATGAGGTATTTCTCCACATCCGTGTCCTGGCCCGGCCGCGGGGAGCCCCGCTTCATCGCAGTGGGCTACGTGGACGACACGCAGTTCGTGCGGTTCGACAGCGACGCCGCGAGTCCAAGAGGGGAGCCGCGGGAGCCGTGGGTGGAGCAGGAGGGGCCGGAGTATTGGGACCGGGAGACACAGAAGTACAAGCGCCAGGCACAGGCTGACCGAGTGAACCTGCGGAAACTGCGCGGCTACTACAACCAGAGCGAGGACGGGTCTCACACCCTCCAGAGGATGTTTGGCTGCGACCTGGGGCCGGACGGGCGCCTCCTCCGCGGGTATAACCAGTTCGCCTACGACGGCAAGGATTACATCGCCCTGAACGAGGATCTGCGCTCCTGGACCGCCGCGGACACGGCGGCTCAGATCACCCAGCGCAAGTGGGAGGCGGCCCGTGAGGCGGAGCAGCGGAGAGCCTACCTGGAGGGCACGTGCGTGGAGTGGCTCCGCAGATACCTGGAGAACGGGAAGGAGACGCTGCAGCGCGCGGAACACCCAAAGACACACGTGACCCACCATCCCGTCTCTGACCATGAGGCCACCCTGAGGTGCTGGGCCCTGGGCTTCTACCCTGCGGAGATCACACTGACCTGGCAGTGGGATGGGGAGGACCAAACTCAGGACACCGAGCTTGTGGAGACCAGGCCAGCAGGAGATGGAACCTTCCAGAAGTGGGCAGCTGTGGTGGTGCCTTCTGGAGAAGAGCAGAGATACACGTGCCATGTTCAGCACGAGGGGCTGCCGGAGCCCCTCACCCTGAGATGGAAGCCGTCTTCCCAGCCCACCATCCCCATCGTGGGCATCGTTGCTGGCCTGGCTGTCCTGGCTGTCCTAGCTGTCCTAGGAGCTATGGTGGCTGTTGTGATGTGTAGGAGGAAGAGCTCAGGTGGAAAAGGAGGGAGCTGCTCTCAGGCTGCGTCCAGCAACAGTGCCCAGGGCTCTGATGAGTCTCTCATCGCTTGTAAAGCCTGA","C*04:01:01:01, C*04:01:01:02, C*04:01:01:03, C*04:01:01:04, C*04:01:01:05"
"ATGCGGGTCATGGCGCCCCGAACCCTCATCCTGCTGCTCTCGGGAGCCCTGGCCCTGACCGAGACCTGGGCCTGCTCCCACTCCATGAGGTATTTCGACACCGCCGTGTCCCGGCCCGGCCGCGGAGAGCCCCGCTTCATCTCAGTGGGCTACGTGGACGACACGCAGTTCGTGCGGTTCGACAGCGACGCCGCGAGTCCGAGAGGGGAGCCCCGGGCGCCGTGGGTGGAGCAGGAGGGGCCGGAGTATTGGGACCGGGAGACACAGAAGTACAAGCGCCAGGCACAGGCTGACCGAGTGAACCTGCGGAAACTGCGCGGCTACTACAACCAGAGCGAGGACGGGTCTCACACCCTCCAGTGGATGTATGGCTGCGACCTGGGGCCCGACGGGCGCCTCCTCCGCGGGTATGACCAGTCCGCCTACGACGGCAAGGATTACATCGCCCTGAACGAGGACCTGCGCTCCTGGACCGCCGCGGACACGGCGGCTCAGATCACCCAGCGCAAGTGGGAGGCGGCCCGTGAGGCGGAGCAGTGGAGAGCCTACCTGGAGGGCACGTGCGTGGAGTGGCTCCGCAGATACCTGGAGAACGGGAAGGAGACGCTGCAGCGCGCGGAACACCCAAAGACACACGTGACCCACCATCCCGTCTCTGACCATGAGGCCACCCTGAGGTGCTGGGCCCTGGGCTTCTACCCTGCGGAGATCACACTGACCTGGCAGCGGGATGGCGAGGACCAAACTCAGGACACCGAGCTTGTGGAGACCAGGCCAGCAGGAGATGGAACCTTCCAGAAGTGGGCAGCTGTGGTGGTGCCTTCTGGAGAAGAGCAGAGATACACGTGCCATGTGCAGCACGAGGGGCTGCCAGAGCCCCTCACCCTGAGATGGGAGCCATCTTCCCAGCCCACCATCCCCATCGTGGGCATCGTTGCTGGCCTGGCTGTCCTGGCTGTCCTAGCTGTCCTAGGAGCTGTGATGGCTGTTGTGATGTGTAGGAGGAAGAGCTCAGGTGGAAAAGGAGGGAGCTGCTCTCAGGCTGCGTCCAGCAACAGTGCCCAGGGCTCTGATGAGTCTCTCATCGCTTGTAAAGCCTGA","C*06:02:01:01, C*06:02:01:02, C*06:02:01:03"
"ATGCGGGTCATGGCGCCCCGAACCCTCATCCTGCTGCTCTCGGGAGCCCTGGCCCTGACCGAGACCTGGGCCTGCTCCCACTCCATGAGGTATTTCTACACCGCCGTGTCCCGGCCCGGCCGCGGAGAGCCCCGCTTCATCGCAGTGGGCTACGTGGACGACACGCAGTTCGTGCAGTTCGACAGCGACGCCGCGAGTCCAAGAGGGGAGCCGCGGGCGCCGTGGGTGGAGCAGGAGGGGCCGGAGTATTGGGACCGGGAGACACAGAAGTACAAGCGCCAGGCACAGACTGACCGAGTGAACCTGCGGAAACTGCGCGGCTACTACAACCAGAGCGAGGCCGGGTCTCACACCCTCCAGAGGATGTATGGCTGCGACCTGGGGCCCGACGGGCGCCTCCTCCGCGGGTATAACCAGTTCGCCTACGACGGCAAGGATTACATCGCCCTGAATGAGGACCTGCGCTCCTGGACCGCCGCGGACAAGGCGGCTCAGATCACCCAGCGCAAGTGGGAGGCGGCCCGTGAGGCGGAGCAGCGGAGAGCCTACCTGGAGGGCACGTGCGTGGAGTGGCTCCGCAGATACCTGGAGAACGGGAAGAAGACGCTGCAGCGCGCGGAACACCCAAAGACACACGTGACCCACCATCCCGTCTCTGACCATGAGGCCACCCTGAGGTGCTGGGCCCTGGGCTTCTACCCTGCGGAGATCACACTGACCTGGCAGCGGGATGGCGAGGACCAAACTCAGGACACCGAGCTTGTGGAGACCAGGCCAGCAGGAGATGGAACCTTCCAGAAGTGGGCAGCTGTGGTGGTGCCTTCTGGAGAAGAGCAGAGATACACGTGCCATGTGCAGCACGAGGGGCTGCCAGAGCCCCTCACCCTGAGATGGGGGCCATCTTCCCAGCCCACCATCCCCATCGTGGGCATCGTTGCTGGCCTGGCTGTCCTGGCTGTCCTAGCTGTCCTAGGAGCTGTGATGGCTGTTGTGATGTGTAGGAGGAAGAGCTCAGGTGGAAAAGGAGGGAGCTGCTCTCAGGCTGCGTCCAGCAACAGTGCCCAGGGCTCTGATGAGTCTCTCATCGCTTGTAAAGCCTGA","C*05:01:01:01, C*05:01:01:02"
"ATGCGGGTCATGGCGCCCCGAACCCTCATCCTGCTGCTCTCGGGAGCCCTGGCCCTGACCGAGACCTGGGCCTGCTCCCACTCCATGAGGTATTTCTACACCGCCGTGTCCCGGCCCGGCCGCGGAGAGCCCCGCTTCATCGCAGTGGGCTACGTGGACGACACGCAGTTCGTGCGGTTCGACAGCGACGCCGCGAGTCCAAGAGGGGAGCCGCGGGCGCCGTGGGTGGAGCAGGAGGGGCCGGAGTATTGGGACCGGGAGACACAGAAGTACAAGCGCCAGGCACAGGCTGACCGAGTGAGCCTGCGGAACCTGCGCGGCTACTACAACCAGAGCGAGGCCGGGTCTCACACCCTCCAGTGGATGTATGGCTGCGACCTGGGGCCCGACGGGCGCCTCCTCCGCGGGTATGACCAGTCCGCCTACGACGGCAAGGATTACATCGCCCTGAACGAGGACCTGCGCTCCTGGACTGCCGCGGACACGGCGGCTCAGATCACCCAGCGCAAGTGGGAGGCGGCCCGTGAGGCGGAGCAGTGGAGAGCCTACCTGGAGGGCACGTGCGTGGAGTGGCTCCGCAGATACCTGGAGAACGGGAAGGAGACGCTGCAGCGCGCGGAACACCCAAAGACACACGTGACCCACCATCCCGTCTCTGACCATGAGGCCACCCTGAGGTGCTGGGCCCTGGGCTTCTACCCTGCGGAGATCACACTGACCTGGCAGCGGGATGGCGAGGACCAAACTCAGGACACCGAGCTTGTGGAGACCAGGCCAGCAGGAGATGGAACCTTCCAGAAGTGGGCAGCTGTGGTGGTGCCTTCTGGAGAAGAGCAGAGATACACGTGCCATGTGCAGCACGAGGGGCTGCCAGAGCCCCTCACCCTGAGATGGGAGCCATCTTCCCAGCCCACCATCCCCATCGTGGGCATCGTTGCTGGCCTGGCTGTCCTGGCTGTCCTAGCTGTCCTAGGAGCTGTGATGGCTGTTGTGATGTGTAGGAGGAAGAGCTCAGGTGGAAAAGGAGGGAGCTGCTCTCAGGCTGCGTCCAGCAACAGTGCCCAGGGCTCTGATGAGTCTCTCATCGCTTGTAAAGCCTGA","C*12:03:01:01, C*12:03:01:02"
"ATGCGGGTCATGGCGCCCCGAGCCCTCCTCCTGCTGCTCTCGGGAGGCCTGGCCCTGACCGAGACCTGGGCCTGCTCCCACTCCATGAGGTATTTCGACACCGCCGTGTCCCGGCCCGGCCGCGGAGAGCCCCGCTTCATCTCAGTGGGCTACGTGGACGACACGCAGTTCGTGCGGTTCGACAGCGACGCCGCGAGTCCGAGAGGGGAGCCGCGGGCGCCGTGGGTGGAGCAGGAGGGGCCGGAGTATTGGGACCGGGAGACACAGAACTACAAGCGCCAGGCACAGGCTGACCGAGTGAGCCTGCGGAACCTGCGCGGCTACTACAACCAGAGCGAGGACGGGTCTCACACCCTCCAGAGGATGTATGGCTGCGACCTGGGGCCCGACGGGCGCCTCCTCCGCGGGTATGACCAGTCCGCCTACGACGGCAAGGATTACATCGCCCTGAACGAGGACCTGCGCTCCTGGACCGCCGCGGACACCGCGGCTCAGATCACCCAGCGCAAGTTGGAGGCGGCCCGTGCGGCGGAGCAGCTGAGAGCCTACCTGGAGGGCACGTGCGTGGAGTGGCTCCGCAGATACCTGGAGAACGGGAAGGAGACGCTGCAGCGCGCAGAACCCCCAAAGACACACGTGACCCACCACCCCCTCTCTGACCATGAGGCCACCCTGAGGTGCTGGGCCCTGGGCTTCTACCCTGCGGAGATCACACTGACCTGGCAGCGGGATGGGGAGGACCAGACCCAGGACACCGAGCTTGTGGAGACCAGGCCAGCAGGAGATGGAACCTTCCAGAAGTGGGCAGCTGTGGTGGTGCCTTCTGGACAAGAGCAGAGATACACGTGCCATATGCAGCACGAGGGGCTGCAAGAGCCCCTCACCCTGAGCTGGGAGCCATCTTCCCAGCCCACCATCCCCATCATGGGCATCGTTGCTGGCCTGGCTGTCCTGGTTGTCCTAGCTGTCCTTGGAGCTGTGGTCACCGCTATGATGTGTAGGAGGAAGAGCTCAGGTGGAAAAGGAGGGAGCTGCTCTCAGGCTGCGTGCAGCAACAGTGCCCAGGGCTCTGATGAGTCTCTCATCACTTGTAAAGCCTGA","C*07:01:01:01, C*07:01:01:02"
"ATGCGGGTCATGGCGCCCCGAGCCCTCCTCCTGCTGCTCTCGGGAGGCCTGGCCCTGACCGAGACCTGGGCCTGCTCCCACTCCATGAGGTATTTCGACACCGCCGTGTCCCGGCCCGGCCGCGGAGAGCCCCGCTTCATCTCAGTGGGCTACGTGGACGACACGCAGTTCGTGCGGTTCGACAGCGACGCCGCGAGTCCGAGAGGGGAGCCGCGGGCGCCGTGGGTGGAGCAGGAGGGGCCGGAGTATTGGGACCGGGAGACACAGAAGTACAAGCGCCAGGCACAGGCTGACCGAGTGAGCCTGCGGAACCTGCGCGGCTACTACAACCAGAGCGAGGACGGGTCTCACACCCTCCAGAGGATGTCTGGCTGCGACCTGGGGCCCGACGGGCGCCTCCTCCGCGGGTATGACCAGTCCGCCTACGACGGCAAGGATTACATCGCCCTGAACGAGGACCTGCGCTCCTGGACCGCCGCGGACACCGCGGCTCAGATCACCCAGCGCAAGTTGGAGGCGGCCCGTGCGGCGGAGCAGCTGAGAGCCTACCTGGAGGGCACGTGCGTGGAGTGGCTCCGCAGATACCTGGAGAACGGGAAGGAGACGCTGCAGCGCGCAGAACCCCCAAAGACACACGTGACCCACCACCCCCTCTCTGACCATGAGGCCACCCTGAGGTGCTGGGCCCTGGGCTTCTACCCTGCGGAGATCACACTGACCTGGCAGCGGGATGGGGAGGACCAGACCCAGGACACCGAGCTTGTGGAGACCAGGCCAGCAGGAGATGGAACCTTCCAGAAGTGGGCAGCTGTGGTGGTGCCTTCTGGACAAGAGCAGAGATACACGTGCCATATGCAGCACGAGGGGCTGCAAGAGCCCCTCACCCTGAGCTGGGAGCCATCTTCCCAGCCCACCATCCCCATCATGGGCATCGTTGCTGGCCTGGCTGTCCTGGTTGTCCTAGCTGTCCTTGGAGCTGTGGTCACCGCTATGATGTGTAGGAGGAAGAGCTCAGGTGGAAAAGGAGGGAGCTGCTCTCAGGCTGCGTGCAGCAACAGTGCCCAGGGCTCTGATGAGTCTCTCATCACTTGTAAAGCCTGA","C*07:02:01:01, C*07:02:01:02, C*07:02:01:03, C*07:02:01:04, C*07:02:01:05"
"ATGCTGGTCATGGCGCCCCGAACCGTCCTCCTGCTGCTCTCGGCGGCCCTGGCCCTGACCGAGACCTGGGCCGGCTCCCACTCCATGAGGTATTTCTACACCTCCGTGTCCCGGCCCGGCCGCGGGGAGCCCCGCTTCATCTCAGTGGGCTACGTGGACGACACGCAGTTCGTGAGGTTCGACAGCGACGCCGCGAGTCCGAGAGAGGAGCCGCGGGCGCCGTGGATAGAGCAGGAGGGGCCGGAATATTGGGACCGGAACACACAGATCTGCAAGACCAACACACAGACTGACCGAGAGAGCCTGCGGAACCTGCGCGGCTACTACAACCAGAGCGAGGCCGGGTCTCACACCCTCCAGAGGATGTACGGCTGCGACGTGGGGCCGGACGGGCGCCTCCTCCGCGGGCATAACCAGTTCGCCTACGACGGCAAGGATTACATCGCCCTGAACGAGGACCTGAGCTCCTGGACCGCGGCGGACACCGCGGCTCAGATCACCCAGCGCAAGTGGGAGGCGGCCCGTGTGGCGGAGCAGCTGAGAACCTACCTGGAGGGCACGTGCGTGGAGTGGCTCCGCAGATACCTGGAGAACGGGAAGGAGACGCTGCAGCGCGCGGACCCCCCAAAGACACATGTGACCCACCACCCCATCTCTGACCATGAGGCCACCCTGAGGTGCTGGGCCCTGGGCTTCTACCCTGCGGAGATCACACTGACCTGGCAGCGGGATGGCGAGGACCAAACTCAGGACACCGAGCTTGTGGAGACCAGACCAGCAGGAGACAGAACCTTCCAGAAGTGGGCAGCTGTGGTGGTGCCTTCTGGAGAAGAGCAGAGATACACATGCCATGTACAGCATGAGGGGCTGCCGAAGCCCCTCACCCTGAGATGGGAGCCATCTTCCCAGTCCACCGTCCCCATCGTGGGCATTGTTGCTGGCCTGGCTGTCCTAGCAGTTGTGGTCATCGGAGCTGTGGTCGCTGCTGTGATGTGTAGGAGGAAGAGTTCAGGTGGAAAAGGAGGGAGCTACTCTCAGGCTGCGTCCAGCGACAGTGCCCAGGGCTCTGATGTGTCTCTCACAGCTTGA","B*39:01:01:01, B*39:01:01:02L, B*39:01:01:03"
"ATGGCCATAAGTGGAGTCCCTGTGCTAGGATTTTTCATCATAGCTGTGCTGATGAGCGCTCAGGAATCATGGGCTATCAAAGAAGAACATGTGATCATCCAGGCCGAGTTCTATCTGAATCCTGACCAATCAGGCGAGTTTATGTTTGACTTTGATGGTGATGAGATTTTCCATGTGGATATGGCAAAGAAGGAGACGGTCTGGCGGCTTGAAGAATTTGGACGATTTGCCAGCTTTGAGGCTCAAGGTGCATTGGCCAACATAGCTGTGGACAAAGCCAACCTGGAAATCATGACAAAGCGCTCCAACTATACTCCGATCACCAATGTACCTCCAGAGGTAACTGTGCTCACGAACAGCCCTGTGGAACTGAGAGAGCCCAACGTCCTCATCTGTTTCATCGACAAGTTCACCCCACCAGTGGTCAATGTCACGTGGCTTCGAAATGGAAAACCTGTCACCACAGGAGTGTCAGAGACAGTCTTCCTGCCCAGGGAAGACCACCTTTTCCGCAAGTTCCACTATCTCCCCTTCCTGCCCTCAACTGAGGACGTTTACGACTGCAGGGTGGAGCACTGGGGCTTGGATGAGCCTCTTCTCAAGCACTGGGAGTTTGATGCTCCAAGCCCTCTCCCAGAGACTACAGAGAACGTGGTGTGTGCCCTGGGCCTGACTGTGGGTCTGGTGGGCATCATTATTGGGACCATCTTCATCATCAAGGGAGTGCGCAAAAGCAATGCAGCAGAACGCAGGGGGCCTCTGTAA","DRA*01:01:01:01, DRA*01:01:01:02, DRA*01:01:01:03"
"ATGGCCCTCAGAGCAGGGCTGGTCCTGGGGTTCCACACCCTGATGACCCTCCTGAGCCCGCAGGAGGCAGGGGCCACCAAGGCTGACCACATGGGCTCCTACGGACCCGCCTTCTACCAGTCTTACGGCGCCTCGGGCCAGTTCACCCATGAATTTGATGAGGAACAGCTGTTCTCTGTGGACCTGAAGAAAAGCGAGGCCGTGTGGCGTCTGCCTGAGTTTGGTGACTTTGCCCGCTTTGACCCGCAGGGCGGGCTGGCCGGCATCGCCGCAATCAAAGCCCATCTGGACATCCTGGTGGAGCGCTCCAACCGCAGCAGAGCCATCAACGTGCCTCCACGGGTGACCGTGCTCCCCAAGTCTCGGGTGGAGCTGGGCCAGCCCAACATCCTCATCTGCATCGTGGACAACATCTTCCCCCCTGTGATCAATATCACCTGGCTGCGCAACGGCCAAACTGTCACTGAGGGAGTGGCCCAGACCAGCTTCTATTCCCAGCCTGACCATTTGTTCCGCAAGTTCCACTACCTGCCCTTCGTGCCCTCAGCCGAGGACGTCTATGACTGCCAGGTGGAGCACTGGGGCCTGGATGCGCCACTCCTCAGGCATTGGGAGCTCCAGGTGCCTATTCCACCACCAGATGCCATGGAGACCCTGGTCTGTGCCCTGGGCCTGGCCATCGGCCTGGTGGGCTTCCTCGTGGGCACCGTCCTCATCATCATGGGCACATATGTGTCCAGTGTCCCCAGGTAA","DOA*01:01:02:01, DOA*01:01:02:02, DOA*01:01:02:03"
"ATGGCCGTCATGCCGCCCCGAACCCTCCTCCTGCTACTCTCGGGGGCCCTGGCCCTGACCCAGACCTGGGCAGGCTCCCACTCCATGAGGTATTTCTTCACATCCGTGTCCCGGCCCGGCCGCGGGGAGCCCCGCTTCATCGCAGTGGGCTACGTGGACGACTCGCAGTTCGTGCAGTTCGACAGCGACGCCGCGAGCCAGAGGATGGAGCCGCGGGCGCCGTGGATAGAGCAGGAGGAGCCGGAGTATTGGGACGAGGAGACACGGAATGTGAAGGCCCACTCACAGACTAACCGAGCGAACCTGGGGACCCTGCGCGGCTACTACAACCAGAGCGAGGACGGTTCTCACACCATCCAGATAATGTATGGCTGCGACGTGGGGTCGGACGGGCGCTTCCTCCGCGGGTACCGGCAGGACGCCTACGACGGCAAGGATTACATCGCCCTGAACGAGGACCTGCGCTCTTGGACCGCGGCGGACATGGCGGCTCAGATCACCAAGCGCAAGTGGGAGGCGGCCCGTCGGGCGGAGCAGCTGAGAGCCTACCTGGAGGGCGAGTGCGTGGACGGGCTCCGCAGATACCTGGAGAACGGGAAGGAGACGCTGCAGCGCACGGACCCCCCCAAGACACATATGACCCACCACCCCATCTCTGACCATGAGGCCACTCTGAGGTGCTGGGCCCTGAGCTTCTACCCTGCGGAGATCACACTGACCTGGCAGCGGGATGGGGAGGACCAGACCCAGGACACGGAGCTCGTGGAGACCAGGCCTGCAGGGGATGGAACCTTCCAGAAGTGGGCGGCTGTGGTGGTACCTTCTGGAAAGGAGAAGAGATACACCTGCCATGTGCAGCATGAGGGTCTGCCCGAGCCCCTCACCCTGAGATGGGAGCCATCTTCCCAGCCCACCATCCCCATTGTGGGCATCATTGCTGGCCTGGTTCTCCTTGGAGCTGTGATCGCTGGAGCTGTGGTCGCTGCCGTGATGTGGAGGAAGAAGAGCTCAGTTAGAAAAGGAGGGAGCTACTCTCAGGCTGCAAGCAGTGACAGTGCCCAGGGCTCTGATGTGTCTCTCACAGCTTGTAAAGTGTGA","A*80:01:01:01, A*80:01:01:02"
"ATGGCCGTCATGGCGCCCCGAACCCTCCTCCTGCTACTCTCGGGGGCCCTGGCCCTGACCCAGACCTGGGCGGGCTCCCACTCCATGAGGTATTTCTTCACATCCGTGTCCCGGCCCGGCCGCGGGGAGCCCCGCTTCATCGCCGTGGGCTACGTGGACGACACGCAGTTCGTGCGGTTCGACAGCGACGCCGCGAGCCAGAAGATGGAGCCGCGGGCGCCGTGGATAGAGCAGGAGGGGCCGGAGTATTGGGACCAGGAGACACGGAATATGAAGGCCCACTCACAGACTGACCGAGCGAACCTGGGGACCCTGCGCGGCTACTACAACCAGAGCGAGGACGGTTCTCACACCATCCAGATAATGTATGGCTGCGACGTGGGGCCGGACGGGCGCTTCCTCCGCGGGTACCGGCAGGACGCCTACGACGGCAAGGATTACATCGCCCTGAACGAGGACCTGCGCTCTTGGACCGCGGCGGACATGGCAGCTCAGATCACCAAGCGCAAGTGGGAGGCGGTCCATGCGGCGGAGCAGCGGAGAGTCTACCTGGAGGGCCGGTGCGTGGACGGGCTCCGCAGATACCTGGAGAACGGGAAGGAGACGCTGCAGCGCACGGACCCCCCCAAGACACATATGACCCACCACCCCATCTCTGACCATGAGGCCACCCTGAGGTGCTGGGCCCTGGGCTTCTACCCTGCGGAGATCACACTGACCTGGCAGCGGGATGGGGAGGACCAGACCCAGGACACGGAGCTCGTGGAGACCAGGCCTGCAGGGGATGGAACCTTCCAGAAGTGGGCGGCTGTGGTGGTGCCTTCTGGAGAGGAGCAGAGATACACCTGCCATGTGCAGCATGAGGGTCTGCCCAAGCCCCTCACCCTGAGATGGGAGCTGTCTTCCCAGCCCACCATCCCCATCGTGGGCATCATTGCTGGCCTGGTTCTCCTTGGAGCTGTGATCACTGGAGCTGTGGTCGCTGCCGTGATGTGGAGGAGGAAGAGCTCAGATAGAAAAGGAGGGAGTTACACTCAGGCTGCAAGCAGTGACAGTGCCCAGGGCTCTGATGTGTCTCTCACAGCTTGTAAAGTGTGA","A*01:01:01:01, A*01:01:01:02N"
"ATGGCCGTCATGGCGCCCCGAACCCTCCTCCTGCTACTCTCGGGGGCCCTGGCCCTGACCCAGACCTGGGCGGGCTCCCACTCCATGAGGTATTTCTTCACATCCGTGTCCCGGCCCGGCCGCGGGGAGCCCCGCTTCATCGCCGTGGGCTACGTGGACGACACGCAGTTCGTGCGGTTCGACAGCGACGCCGCGAGCCAGAGGATGGAGCCGCGGGCGCCGTGGATAGAGCAGGAGGGGCCGGAGTATTGGGACCAGGAGACACGGAATGTGAAGGCCCAGTCACAGACTGACCGAGTGGACCTGGGGACCCTGCGCGGCTACTACAACCAGAGCGAGGCCGGTTCTCACACCATCCAGATAATGTATGGCTGCGACGTGGGGTCGGACGGGCGCTTCCTCCGCGGGTACCGGCAGGACGCCTACGACGGCAAGGATTACATCGCCCTGAACGAGGACCTGCGCTCTTGGACCGCGGCGGACATGGCGGCTCAGATCACCAAGCGCAAGTGGGAGGCGGCCCATGAGGCGGAGCAGTTGAGAGCCTACCTGGATGGCACGTGCGTGGAGTGGCTCCGCAGATACCTGGAGAACGGGAAGGAGACGCTGCAGCGCACGGACCCCCCCAAGACACATATGACCCACCACCCCATCTCTGACCATGAGGCCACCCTGAGGTGCTGGGCCCTGGGCTTCTACCCTGCGGAGATCACACTGACCTGGCAGCGGGATGGGGAGGACCAGACCCAGGACACGGAGCTCGTGGAGACCAGGCCTGCAGGGGATGGAACCTTCCAGAAGTGGGCGGCTGTGGTGGTGCCTTCTGGAGAGGAGCAGAGATACACCTGCCATGTGCAGCATGAGGGTCTGCCCAAGCCCCTCACCCTGAGATGGGAGCTGTCTTCCCAGCCCACCATCCCCATCGTGGGCATCATTGCTGGCCTGGTTCTCCTTGGAGCTGTGATCACTGGAGCTGTGGTCGCTGCCGTGATGTGGAGGAGGAAGAGCTCAGATAGAAAAGGAGGGAGTTACACTCAGGCTGCAAGCAGTGACAGTGCCCAGGGCTCTGATGTGTCCCTCACAGCTTGTAAAGTGTGA","A*03:01:01:01, A*03:01:01:03"
"ATGGCCGTCATGGCGCCCCGAACCCTCCTCCTGCTACTCTTGGGGGCCCTGGCCCTGACCCAGACCTGGGCGGGCTCCCACTCCATGAGGTATTTCACCACATCCGTGTCCCGGCCCGGCCGCGGGGAGCCCCGCTTCATCGCCGTGGGCTACGTGGACGACACGCAGTTCGTGCGGTTTGACAGCGACGCCGCGAGCCAGAGGATGGAGCCGCGGGCACCGTGGATAGAGCAGGAGGGGCCGGAGTATTGGGACCTGCAGACACGGAATGTGAAGGCCCAGTCACAGACTGACCGAGCGAACCTGGGGACCCTGCGCGGCTACTACAACCAGAGCGAGGCCGGTTCTCACACCATCCAGATGATGTATGGCTGCGACGTGGGGTCGGACGGGCGCTTCCTCCGCGGGTACCGGCAGGACGCCTACGACGGCAAGGATTACATCGCCTTGAACGAGGACCTGCGCTCTTGGACCGCGGCGGACATGGCGGCTCAGATCACCCAGCGCAAGTGGGAGGCGGCCCGTGTGGCGGAGCAGTTGAGAGCCTACCTGGAGGGCACGTGCGTGGAGTGGCTCCGCAGATACCTGGAGAACGGGAAGGAGACGCTGCAGCGCACGGACGCCCCCAAGACGCATATGACTCACCACGCTGTCTCTGACCATGAGGCCACCCTGAGGTGCTGGGCCCTGAGCTTCTACCCTGCGGAGATCACACTGACCTGGCAGCGGGATGGGGAGGACCAGACCCAGGACACGGAGCTTGTGGAGACCAGGCCTGCAGGGGATGGAACCTTCCAGAAGTGGGCGTCTGTGGTGGTGCCTTCTGGACAGGAGCAGAGATACACCTGCCATGTGCAGCATGAGGGTCTGCCCAAGCCCCTCACCCTGAGATGGGAGCCGTCTTCCCAGCCCACCATCCCCATCGTGGGCATCATTGCTGGCCTAGTTCTCTTTGGAGCTGTGTTCGCTGGAGCTGTGGTCGCTGCTGTGAGGTGGAGGAGGAAGAGCTCAGATAGAAAAGGAGGGAGCTACTCTCAGGCTGCAAGCAGTGACAGTGCCCAGGGCTCTGATATGTCTCTCACAGCTTGTAAAGTGTGA","A*29:02:01:01, A*29:02:01:02"
"ATGGCCGTCATGGCGCCCCGAACCCTCCTCCTGCTACTCTTGGGGGCCCTGGCCCTGACCCAGACCTGGGCGGGCTCCCACTCCATGAGGTATTTCTTCACATCCGTGTCCCGGCCCGGCCGCGGGGAGCCCCGCTTCATCGCCGTGGGCTACGTGGACGACACGCAGTTCGTGCGGTTTGACAGCGACGCCGCGAGCCAGAGGATGGAGCCGCGGGCGCCGTGGATAGAGCAGGAGGGGCCGGAGTATTGGGACCAGGAGACACGGAATGTGAAGGCCCACTCACAGACTGACCGAGTGGACCTGGGGACCCTGCGCGGCTACTACAACCAGAGCGAGGCCGGTTCTCACACCATCCAGATGATGTATGGCTGCGACGTGGGGCCGGACGGGCGCCTCCTCCGCGGGTACCAGCAGGACGCCTACGACGGCAAGGATTACATCGCCTTGAACGAGGACCTGCGCTCTTGGACCGCGGCGGACATGGCGGCTCAGATCACCCAGCGCAAGTGGGAGGCGGCCCGTGTGGCGGAGCAGTTGAGAGCCTACCTGGAGGGCACGTGCGTGGAGTGGCTCCGCAGATACCTGGAGAACGGGAAGGAGACGCTGCAGCGCACGGACGCCCCCAAGACGCATATGACTCACCACGCTGTCTCTGACCATGAGGCCACCCTGAGGTGCTGGGCCCTGAGCTTCTACCCTGCGGAGATCACACTGACCTGGCAGCGGGATGGGGAGGACCAGACCCAGGACACGGAGCTTGTGGAGACCAGGCCTGCAGGGGATGGAACCTTCCAGAAGTGGGCGTCTGTGGTGGTGCCTTCTGGACAGGAGCAGAGATACACCTGCCATGTGCAGCATGAGGGTCTGCCCAAGCCCCTCACCCTGAGATGGGAGCCGTCTTCCCAGCCCACCATCCCCATCGTGGGCATCATTGCTGGCCTAGTTCTCTTTGGAGCTATGTTCGCTGGAGCTGTGGTCGCTGCTGTGAGGTGGAGGAGGAAGAGCTCAGATAGAAAAGGAGGGAGCTACTCTCAGGCTGCAAGCAGTGACAGTGCCCAGGGCTCTGATATGTCTCTCACAGCTTGTAAAGTGTGA","A*74:02:01:01, A*74:02:01:02"
"ATGGCCGTCATGGCGCCCCGAACCCTCGTCCTGCTACTCTCGGGGGCCCTGGCCCTGACCCAGACCTGGGCAGGCTCCCACTCCATGAGGTATTTCTCCACATCCGTGTCCCGGCCCGGCCGCGGGGAGCCCCGCTTCATCGCCGTGGGCTACGTGGACGACACGCAGTTCGTGCGGTTCGACAGCGACGCCGCGAGCCAGAGGATGGAGCCGCGGGCGCCGTGGATAGAGCAGGAGGGGCCGGAGTATTGGGACGAGGAGACAGGGAAAGTGAAGGCCCACTCACAGACTGACCGAGAGAACCTGCGGATCGCGCTCCGCTACTACAACCAGAGCGAGGCCGGTTCTCACACCCTCCAGATGATGTTTGGCTGCGACGTGGGGTCGGACGGGCGCTTCCTCCGCGGGTACCACCAGTACGCCTACGACGGCAAGGATTACATCGCCCTGAAAGAGGACCTGCGCTCTTGGACCGCGGCGGACATGGCGGCTCAGATCACCAAGCGCAAGTGGGAGGCGGCCCATGTGGCGGAGCAGCAGAGAGCCTACCTGGAGGGCACGTGCGTGGACGGGCTCCGCAGATACCTGGAGAACGGGAAGGAGACGCTGCAGCGCACGGACCCCCCCAAGACACATATGACCCACCACCCCATCTCTGACCATGAGGCCACTCTGAGATGCTGGGCCCTGGGCTTCTACCCTGCGGAGATCACACTGACCTGGCAGCGGGATGGGGAGGACCAGACCCAGGACACGGAGCTTGTGGAGACCAGGCCTGCAGGGGATGGAACCTTCCAGAAGTGGGCAGCTGTGGTGGTACCTTCTGGAGAGGAGCAGAGATACACCTGCCATGTGCAGCATGAGGGTCTGCCCAAGCCCCTCACCCTGAGATGGGAGCCATCTTCCCAGCCCACCGTCCCCATCGTGGGCATCATTGCTGGCCTGGTTCTCCTTGGAGCTGTGATCACTGGAGCTGTGGTCGCTGCTGTGATGTGGAGGAGGAACAGCTCAGATAGAAAAGGAGGGAGCTACTCTCAGGCTGCAAGCAGTGACAGTGCCCAGGGCTCTGATGTGTCTCTCACAGCTTGTAAAGTGTGA","A*24:02:01:01, A*24:02:01:02L, A*24:02:01:03"
"ATGGCCGTCATGGCGCCCCGAACCCTCGTCCTGCTACTCTCGGGGGCCCTGGCCCTGACCCAGACCTGGGCGGGCTCCCACTCCATGAGGTATTTCTACACCTCCATGTCCCGGCCCGGCCGCGGGGAGCCCCGCTTCATCGCCGTGGGCTACGTGGACGACACGCAGTTCGTGCGGTTCGACAGCGACGCCGCGAGCCAGAGGATGGAGCCGCGGGCGCCGTGGATAGAGCAGGAGGGGCCGGAGTATTGGGACCGGAACACACGGAATGTGAAGGCCCAGTCACAGACTGACCGAGTGGACCTGGGGACCCTGCGCGGCTACTACAACCAGAGCGAGGCCGGTTCTCACACCATCCAGAGGATGTATGGCTGCGACGTGGGGCCGGACGGGCGCTTCCTCCGCGGGTACCACCAGTACGCCTACGACGGCAAGGATTACATCGCCCTGAAAGAGGACCTGCGCTCTTGGACCGCGGCGGACATGGCAGCTCAGACCACCAAGCACAAGTGGGAGGCGGCCCATGTGGCGGAGCAGTGGAGAGCCTACCTGGAGGGCACGTGCGTGGAGTGGCTCCGCAGATACCTGGAGAACGGGAAGGAGACGCTGCAGCGCACGGACGCCCCCAAAACGCATATGACTCACCACGCTGTCTCTGACCATGAAGCCACCCTGAGGTGCTGGGCCCTGAGCTTCTACCCTGCGGAGATCACACTGACCTGGCAGCGGGATGGGGAGGACCAGACCCAGGACACGGAGCTCGTGGAGACCAGGCCTGCAGGGGATGGAACCTTCCAGAAGTGGGTGGCTGTGGTGGTGCCTTCTGGACAGGAGCAGAGATACACCTGCCATGTGCAGCATGAGGGTTTGCCCAAGCCCCTCACCCTGAGATGGGAGCCGTCTTCCCAGCCCACCATCCCCATCGTGGGCATCATTGCTGGCCTGGTTCTCTTTGGAGCTGTGATCACTGGAGCTGTGGTCGCTGCTGTGATGTGGAGGAGGAAGAGCTCAGATAGAAAAGGAGGGAGCTACTCTCAGGCTGCAAGCAGTGACAGTGCCCAGGGCTCTGATGTGTCTCTCACAGCTTGTAAAGTGTGA","A*68:02:01:01, A*68:02:01:02, A*68:02:01:03"
"ATGGCCGTCATGGCGCCCCGAACCCTCGTCCTGCTACTCTCGGGGGCCCTGGCCCTGACCCAGACCTGGGCGGGCTCCCACTCCATGAGGTATTTCTACACCTCCGTGTCCCGGCCCGGCCGCGGGGAGCCCCGCTTCATCGCCGTGGGCTACGTGGACGACACGCAGTTCGTGCGGTTCGACAGCGACGCCGCGAGCCAGAGGATGGAGCCGCGGGCGCCGTGGATAGAGCAGGAGGGGCCGGAGTATTGGGACCGGAACACACGGAATGTGAAGGCCCAGTCACAGACTGACCGAGTGGACCTGGGGACCCTGCGCGGCTACTACAACCAGAGCGAGGCCGGTTCTCACACCATCCAGATGATGTATGGCTGCGACGTGGGGTCGGACGGGCGCTTCCTCCGCGGGTACCGGCAGGACGCCTACGACGGCAAGGATTACATCGCCCTGAAAGAGGACCTGCGCTCTTGGACCGCGGCGGACATGGCAGCTCAGACCACCAAGCACAAGTGGGAGGCGGCCCATGTGGCGGAGCAGTGGAGAGCCTACCTGGAGGGCACGTGCGTGGAGTGGCTCCGCAGATACCTGGAGAACGGGAAGGAGACGCTGCAGCGCACGGACGCCCCCAAAACGCATATGACTCACCACGCTGTCTCTGACCATGAAGCCACCCTGAGGTGCTGGGCCCTGAGCTTCTACCCTGCGGAGATCACACTGACCTGGCAGCGGGATGGGGAGGACCAGACCCAGGACACGGAGCTCGTGGAGACCAGGCCTGCAGGGGATGGAACCTTCCAGAAGTGGGTGGCTGTGGTGGTGCCTTCTGGACAGGAGCAGAGATACACCTGCCATGTGCAGCATGAGGGTTTGCCCAAGCCCCTCACCCTGAGATGGGAGCCGTCTTCCCAGCCCACCATCCCCATCGTGGGCATCATTGCTGGCCTGGTTCTCTTTGGAGCTGTGATCACTGGAGCTGTGGTCGCTGCTGTGATGTGGAGGAGGAAGAGCTCAGATAGAAAAGGAGGGAGCTACTCTCAGGCTGCAAGCAGTGACAGTGCCCAGGGCTCTGATGTGTCTCTCACAGCTTGTAAAGTGTGA","A*68:01:01:01, A*68:01:01:02"
"ATGGCCGTCATGGCGCCCCGAACCCTCGTCCTGCTACTCTCGGGGGCTCTGGCCCTGACCCAGACCTGGGCGGGCTCTCACTCCATGAGGTATTTCTTCACATCCGTGTCCCGGCCCGGCCGCGGGGAGCCCCGCTTCATCGCAGTGGGCTACGTGGACGACACGCAGTTCGTGCGGTTCGACAGCGACGCCGCGAGCCAGAGGATGGAGCCGCGGGCGCCGTGGATAGAGCAGGAGGGTCCGGAGTATTGGGACGGGGAGACACGGAAAGTGAAGGCCCACTCACAGACTCACCGAGTGGACCTGGGGACCCTGCGCGGCTACTACAACCAGAGCGAGGCCGGTTCTCACACCGTCCAGAGGATGTATGGCTGCGACGTGGGGTCGGACTGGCGCTTCCTCCGCGGGTACCACCAGTACGCCTACGACGGCAAGGATTACATCGCCCTGAAAGAGGACCTGCGCTCTTGGACCGCGGCGGACATGGCAGCTCAGACCACCAAGCACAAGTGGGAGGCGGCCCATGTGGCGGAGCAGTTGAGAGCCTACCTGGAGGGCACGTGCGTGGAGTGGCTCCGCAGATACCTGGAGAACGGGAAGGAGACGCTGCAGCGCACGGACGCCCCCAAAACGCATATGACTCACCACGCTGTCTCTGACCATGAAGCCACCCTGAGGTGCTGGGCCCTGAGCTTCTACCCTGCGGAGATCACACTGACCTGGCAGCGGGATGGGGAGGACCAGACCCAGGACACGGAGCTCGTGGAGACCAGGCCTGCAGGGGATGGAACCTTCCAGAAGTGGGCGGCTGTGGTGGTGCCTTCTGGACAGGAGCAGAGATACACCTGCCATGTGCAGCATGAGGGTTTGCCCAAGCCCCTCACCCTGAGATGGGAGCCGTCTTCCCAGCCCACCATCCCCATCGTGGGCATCATTGCTGGCCTGGTTCTCTTTGGAGCTGTGATCACTGGAGCTGTGGTCGCTGCTGTGATGTGGAGGAGGAAGAGCTCAGATAGAAAAGGAGGGAGCTACTCTCAGGCTGCAAGCAGTGACAGTGCCCAGGGCTCTGATGTGTCTCTCACAGCTTGTAAAGTGTGA","A*02:01:01:01, A*02:01:01:02L, A*02:01:01:03"
"ATGGCGCCCCGAAGCCTCCTCCTGCTGCTCTCAGGGGCCCTGGCCCTGACCGATACTTGGGCAGGCTCCCACTCCTTGAGGTATTTCAGCACCGCTGTGTCGCGGCCCGGCCGCGGGGAGCCCCGCTACATCGCCGTGGAGTACGTAGACGACACGCAATTCCTGCGGTTCGACAGCGACGCCGCGATTCCGAGGATGGAGCCGCGGGAGCCGTGGGTGGAGCAAGAGGGGCCGCAGTATTGGGAGTGGACCACAGGGTACGCCAAGGCCAACGCACAGACTGACCGAGTGGCCCTGAGGAACCTGCTCCGCCGCTACAACCAGAGCGAGGCTGGGTCTCACACCCTCCAGGGAATGAATGGCTGCGACATGGGGCCCGACGGACGCCTCCTCCGCGGGTATCACCAGCACGCGTACGACGGCAAGGATTACATCTCCCTGAACGAGGACCTGCGCTCCTGGACCGCGGCGGACACCGTGGCTCAGATCACCCAGCGCTTCTATGAGGCAGAGGAATATGCAGAGGAGTTCAGGACCTACCTGGAGGGCGAGTGCCTGGAGTTGCTCCGCAGATACTTGGAGAATGGGAAGGAGACGCTACAGCGCGCAGATCCTCCAAAGGCACACGTTGCCCACCACCCCATCTCTGACCATGAGGCCACCCTGAGGTGCTGGGCCCTGGGCTTCTACCCTGCGGAGATCACGCTGACCTGGCAGCGGGATGGGGAGGAACAGACCCAGGACACAGAGCTTGTGGAGACCAGGCCTGCAGGGGATGGAACCTTCCAGAAGTGGGCCGCTGTGGTGGTGCCTTCTGGAGAGGAACAGAGATACACATGCCATGTGCAGCACGAGGGGCTGCCCCAGCCCCTCATCCTGAGATGGGAGCAGTCTCCCCAGCCCACCATCCCCATCGTGGGCATCGTTGCTGGCCTTGTTGTCCTTGGAGCTGTGGTCACTGGAGCTGTGGTCGCTGCTGTGATGTGGAGGAAGAAGAGCTCAGATAGAAACAGAGGGAGCTACTCTCAGGCTGCAGTCACTGACAGTGCCCAGGGCTCTGGGGTGTCTCTCACAGCTAATAAAGTGTGA","F*01:01:02:01, F*01:01:02:02, F*01:01:02:03, F*01:01:02:04, F*01:01:02:05, F*01:01:02:06"
"ATGGCGCCCCGAAGCCTCCTCCTGCTGCTCTCAGGGGCCCTGGCCCTGACCGATACTTGGGCGGGCTCCCACTCCTTGAGGTATTTCAGCACCGCTGTGTCGCGGCCCGGCCGCGGGGAGCCCCGCTACATCGCCGTGGAGTACGTAGACGACACGCAATTCCTGCGGTTCGACAGCGACGCCGCGATTCCGAGGATGGAGCCGCGGGAGCCGTGGGTGGAGCAAGAGGGGCCGCAGTATTGGGAGTGGACCACAGGGTACGCCAAGGCCAACGCACAGACTGACCGAGTGGCCCTGAGGAACCTGCTCCGCCGCTACAACCAGAGCGAGGCTGGGTCTCACACCCTCCAGGGAATGAATGGCTGCGACATGGGGCCCGACGGACGCCTCCTCCGCGGGTATCACCAGCACGCGTACGACGGCAAGGATTACATCTCCCTGAACGAGGACCTGCGCTCCTGGACCGCGGCGGACACCGTGGCTCAGATCACCCAGCGCTTCTATGAGGCAGAGGAATATGCAGAGGAGTTCAGGACCTACCTGGAGGGCGAGTGCCTGGAGTTGCTCCGCAGATACTTGGAGAATGGGAAGGAGACGCTACAGCGCGCAGATCCTCCAAAGGCACACGTTGCCCACCACCCCATCTCTGACCATGAGGCCACCCTGAGGTGCTGGGCCCTGGGCTTCTACCCTGCGGAGATCACGCTGACCTGGCAGCGGGATGGGGAGGAACAGACCCAGGACACAGAGCTTGTGGAGACCAGGCCTGCAGGGGATGGAACCTTCCAGAAGTGGGCCGCTGTGGTGGTGCCTCCTGGAGAGGAACAGAGATACACATGCCATGTGCAGCACGAGGGGCTGCCCCAGCCCCTCATCCTGAGATGGGAGCAGTCTCCCCAGCCCACCATCCCCATCGTGGGCATCGTTGCTGGCCTTGTTGTCCTTGGAGCTGTGGTCACTGGAGCTGTGGTCGCTGCTGTGATGTGGAGGAAGAAGAGCTCAGATAGAAACAGAGGGAGCTACTCTCAGGCTGCAGTCACTGACAGTGCCCAGGGCTCTGGGGTGTCTCTCACAGCTAATAAAGTGTGA","F*01:03:01:01, F*01:03:01:02"
"ATGGCGCCCCGAAGCCTCCTCCTGCTGCTCTCAGGGGCCCTGGCCCTGACCGATACTTGGGCGGGCTCCCACTCCTTGAGGTATTTCAGCACCGCTGTGTCGCGGCCCGGCCGCGGGGAGCCCCGCTACATCGCCGTGGAGTACGTAGACGACACGCAATTCCTGCGGTTCGACAGCGACGCCGCGATTCCGAGGATGGAGCCGCGGGAGCCGTGGGTGGAGCAAGAGGGGCCGCAGTATTGGGAGTGGACCACAGGGTACGCCAAGGCCAACGCACAGACTGACCGAGTGGCCCTGAGGAACCTGCTCCGCCGCTACAACCAGAGCGAGGCTGGGTCTCACACCCTCCAGGGAATGAATGGCTGCGACATGGGGCCCGACGGACGCCTCCTCCGCGGGTATCACCAGCACGCGTACGACGGCAAGGATTACATCTCCCTGAACGAGGACCTGCGCTCCTGGACCGCGGCGGACACCGTGGCTCAGATCACCCAGCGCTTCTATGAGGCAGAGGAATATGCAGAGGAGTTCAGGACCTACCTGGAGGGCGAGTGCCTGGAGTTGCTCCGCAGATACTTGGAGAATGGGAAGGAGACGCTACAGCGCGCAGATCCTCCAAAGGCACACGTTGCCCACCACCCCATCTCTGACCATGAGGCCACCCTGAGGTGCTGGGCCCTGGGCTTCTACCCTGCGGAGATCACGCTGACCTGGCAGCGGGATGGGGAGGAACAGACCCAGGACACAGAGCTTGTGGAGACCAGGCCTGCAGGGGATGGAACCTTCCAGAAGTGGGCCGCTGTGGTGGTGCCTTCTGGAGAGGAACAGAGATACACATGCCATGTGCAGCACGAGGGGCTGCCCCAGCCCCTCATCCTGAGATGGGAGCAGTCTCCCCAGCCCACCATCCCCATCGTGGGCATCGTTGCTGGCCTTGTTGTCCTTGGAGCTGTGGTCACTGGAGCTGTGGTCGCTGCTGTGATGTGGAGGAAGAAGAGCTCAGATAGAAACAGAGGGAGCTACTCTCAGGCTGCAGTCACTGACAGTGCCCAGGGCTCTGGGGTGTCTCTCACAGCTAATAAAGTGTGA","F*01:01:01:01, F*01:01:01:02, F*01:01:01:03, F*01:01:01:04, F*01:01:01:05, F*01:01:01:06, F*01:01:01:07, F*01:01:01:08"
"ATGGCGCCCCGAAGCCTCCTCCTGCTGCTCTCAGGGGCCCTGGCCCTGACCGATACTTGGGCGGGCTCCCACTCCTTGAGGTATTTCAGCACCGCTGTGTCGCGGCCCGGCCGCGGGGAGCCCCGCTACATCGCCGTGGAGTACGTAGACGACACGCAATTCCTGCGGTTCGACAGCGACGCCGCGATTCCGAGGATGGAGCCGCGGGAGCCGTGGGTGGAGCAAGAGGGGCCGCAGTATTGGGAGTGGACCACAGGGTACGCCAAGGCCAACGCACAGACTGACCGAGTGGCCCTGAGGAACCTGCTCCGCCGCTACAACCAGAGCGAGGCTGGGTCTCACACCCTCCAGGGAATGAATGGCTGCGACATGGGGCCCGACGGACGCCTCCTCCGCGGGTATCACCAGCACGCGTACGACGGCAAGGATTACATCTCCCTGAACGAGGACCTGCGCTCCTGGACCGCGGCGGACACCGTGGCTCAGATCACCCAGCGCTTCTATGAGGCAGAGGAATATGCAGAGGAGTTCAGGACCTACCTGGAGGGCGAGTGCCTGGAGTTGCTCCGCAGATACTTGGAGAATGGGAAGGAGACGCTACAGCGCGCAGATCCTCCAAAGGCACACGTTGCCCACCACCCCATCTCTGACCATGAGGCCACCCTGAGGTGCTGGGCCCTGGGCTTCTACCCTGCGGAGATCACGCTGACCTGGCAGCGGGATGGGGAGGAACAGACCCAGGACACAGAGCTTGTGGAGACCAGGCCTGCAGGGGATGGAACCTTCCAGAAGTGGGCCGCTGTGGTGGTGCCTTCTGGAGAGGAACAGAGATACACATGCCATGTGCAGCACGAGGGGCTGCCCCAGCCCCTCATCCTGAGATGGGAGCAGTCTCCCCAGCCCACCATCCCCATCGTGGGCATCGTTGCTGGCCTTGTTGTCCTTGGAGCTGTGGTCACTGGAGCTGTGGTCGCTGCTGTGATGTGGAGGAAGAAGAGCTCAGATAGAAACAGAGGGAGCTACTCTCAGGCTGCAGTCACTGACAGTGCTCAGGGCTCTGGGGTGTCTCTCACAGCTAATAAAGTGTGA","F*01:01:03:01, F*01:01:03:02, F*01:01:03:03, F*01:01:03:04"
"ATGGCTAGCTCTAGGTGTCCCGCTCCCCGCGGGTGCCGCTGCCTCCCCGGAGCTTCTCTCGCATGGCTGGGGACAGTACTGCTACTTCTCGCCGACTGGGTGCTGCTCCGGACCGCGCTGCCCCGCATATTCTCCCTGCTGGTGCCCACCGCGCTGCCACTGCTCCGGGTCTGGGCGGTGGGCCTGAGCCGCTGGGCCGTGCTCTGGCTGGGGGCCTGCGGGGTCCTCAGGGCAACGGTTGGCTCCAAGAGCGAAAACGCAGGTGCCCAGGGCTGGCTGGCTGCTTTGAAGCCATTAGCTGCGGCACTGGGCTTGGCCCTGCCGGGACTTGCCTTGTTCCGAGAGCTGATCTCATGGGGAGCCCCCGGGTCCGCGGATAGCACCAGGCTACTGCACTGGGGAAGTCACCCTACCGCCTTCGTTGTCAGTTATGCAGCGGCACTGCCCGCAGCAGCCCTGTGGCACAAACTCGGGAGCCTCTGGGTGCCCGGCGGTCAGGGCGGCTCTGGAAACCCTGTGCGTCGGCTTCTAGGCTGCCTGGGCTCGGAGACGCGCCGCCTCTCGCTGTTCCTGGTCCTGGTGGTCCTCTCCTCTCTTGGGGAGATGGCCATTCCATTCTTTACGGGCCGCCTCACTGACTGGATTCTACAAGATGGCTCAGCCGATACCTTCACTCGAAACTTAACTCTCATGTCCATTCTCACCATAGCCAGTGCAGTGCTGGAGTTCGTGGGTGACGGGATCTATAACAACACCATGGGCCACGTGCACAGCCACTTGCAGGGAGAGGTGTTTGGGGCTGTCCTGCGCCAGGAGACGGAGTTTTTCCAACAGAACCAGACAGGTAACATCATGTCTCGGGTAACAGAGGACACGTCCACCCTGAGTGATTCTCTGAGTGAGAATCTGAGCTTATTTCTGTGGTACCTGGTGCGAGGCCTATGTCTCTTGGGGATCATGCTCTGGGGATCAGTGTCCCTCACCATGGTCACCCTGATCACCCTGCCTCTGCTTTTCCTTCTGCCCAAGAAGGTGGGAAAATGGTACCAGTTGCTGGAAGTGCAGGTGCGGGAATCTCTGGCAAAGTCCAGCCAGGTGGCCATTGAGGCTCTGTCGGCCATGCCTACAGTTCGAAGCTTTGCCAACGAGGAGGGCGAAGCCCAGAAGTTTAGGGAAAAGCTGCAAGAAATAAAGACACTCAACCAGAAGGAGGCTGTGGCCTATGCAGTCAACTCCTGGACCACTAGTATTTCAGGTATGCTGCTGAAAGTGGGAATCCTCTACATTGGTGGGCAGCTGGTGACCAGTGGGGCTGTAAGCAGTGGGAACCTTGTCACATTTGTTCTCTACCAGATGCAGTTCACCCAGGCTGTGGAGGTACTGCTCTCCATCTACCCCAGAGTACAGAAGGCTGTGGGCTCCTCAGAGAAAATATTTGAGTACCTGGACCGCACCCCTCGCTGCCCACCCAGTGGTCTGTTGACTCCCTTACACTTGGAGGGCCTTGTCCAGTTCCAAGATGTCTCCTTTGCCTACCCAAACCGCCCAGATGTCTTAGTGCTACAGGGGCTGACATTCACCCTACGCCCTGGCGAGGTGACGGCGCTGGTGGGACCCAATGGGTCTGGGAAGAGCACAGTGGCTGCCCTGCTGCAGAATCTGTACCAGCCCACCGGGGGACAGCTGCTGTTGGATGGGAAGCCCCTTCCCCAATATGAGCACCGCTACCTGCACAGGCAGGTGGCTGCAGTGGGACAAGAGCCACAGGTATTTGGAAGAAGTCTTCAAGAAAATATTGCCTATGGCCTGACCCAGAAGCCAACTATGGAGGAAATCACAGCTGCTGCAGTAAAGTCTGGGGCCCATAGTTTCATCTCTGGACTCCCTCAGGGCTATGACACAGAGGTAGACGAGGCTGGGAGCCAGCTGTCAGGGGGTCAGCGACAGGCAGTGGCGTTGGCCCGAGCATTGATCCGGAAACCGTGTGTACTTATCCTGGATGATGCCACCAGTGCCCTGGATGCAAACAGCCAGTTACAGGTGGAGCAGCTCCTGTACGAAAGCCCTGAGCGGTACTCCCGCTCAGTGCTTCTCATCACCCAGCACCTCAGCCTGGTGGAGCAGGCTGACCACATCCTCTTTCTGGAAGGAGGCGCTATCCGGGAGGGGGGAACCCACCAGCAGCTCATGGAGAAAAAGGGGTGCTACTGGGCCATGGTGCAGGCTCCTGCAGATGCTCCAGAATGA","TAP1*01:01:01:01, TAP1*01:01:01:02, TAP1*01:01:01:03, TAP1*01:01:01:04, TAP1*01:01:01:05"
"ATGGGGCTGGGCCCGGTCTTCCTGCTTCTGGCTGGCATCTTCCCTTTTGCACCTCCGGGAGCTGCTGCTGAGCCCCACAGTCTTCGTTATAACCTCACGGTGCTGTCCTGGGATGGATCTGTGCAGTCAGGGTTTCTTGCTGAGGTACATCTGGATGGTCAGCCCTTCCTGCGCTATGACAGGCAGAAATGCAGGGCAAAGCCCCAGGGACAGTGGGCAGAAGATGTCCTGGGAAATAAGACATGGGACAGAGAGACCAGGGACTTGACAGGGAACGGAAAGGACCTCAGGATGACCCTGGCTCATATCAAGGACCAGAAAGAAGGCTTGCATTCCCTCCAGGAGATTAGGGTCTGTGAGATCCATGAAGACAACAGCACCAGGAGCTCCCAGCATTTCTACTACGATGGGGAGCTCTTCCTCTCCCAAAACCTGGAGACTGAGGAATGGACAGTGCCCCAGTCCTCCAGAGCTCAGACCTTGGCCATGAACGTCAGGAATTTCTTGAAGGAAGATGCCATGAAGACCAAGACACACTATCACGCTATGCATGCAGACTGCCTGCAGGAACTACGGCGATATCTAGAATCCGGCGTAGTCCTGAGGAGAACAGTGCCCCCCATGGTGAATGTCACCCGCAGCGAGGCCTCAGAGGGCAACATCACCGTGACATGCAGGGCTTCCAGCTTCTATCCCCGGAATATCATACTGACCTGGCGTCAGGATGGGGTATCTTTGAGCCACGACACCCAGCAGTGGGGGGATGTCCTGCCTGATGGGAATGGAACCTACCAGACCTGGGTGGCCACCAGGATTTGCCGAGGAGAGGAGCAGAGGTTCACCTGCTACATGGAACACAGCGGGAATCACAGCACTCACCCTGTGCCCTCTGGGAAAGTGCTGGTGCTTCAGAGTCATTGGCAGACATTCCATGTTTCTGCTGTTGCTGCTGGCTGCTGCTATTTTTGTTATTATTATTTTCTATGTCCGTTGTTGTAAGAAGAAAACATCAGCTGCAGAGGGTCCAGAGCTCGTGAGCCTGCAGGTCCTGGATCAACACCCAGTTGGGACGAGTGACCACAGGGATGCCACACAGCTCGGATTTCAGCCTCTGATGTCAGCTCTTGGGTCCACTGGCTCCACTGAGGGCACCTAG","MICA*008:01:01, MICA*008:01:02"
"ATGGGGCTGGGCCGGGTCCTGCTGTTTCTGGCCGTCGCCTTCCCTTTTGCACCCCCGGCAGCCGCCGCTGAGCCCCACAGTCTTCGTTACAACCTCATGGTGCTGTCCCAGGATGGATCTGTGCAGTCAGGGTTTCTCGCTGAGGGACATCTGGATGGTCAGCCCTTCCTGCGCTATGACAGGCAGAAACGCAGGGCAAAGCCCCAGGGACAGTGGGCAGAAAATGTCCTGGGAGCTAAGACCTGGGACACAGAGACCGAGGACTTGACAGAGAATGGGCAAGACCTCAGGAGGACCCTGACTCATATCAAGGACCAGAAAGGAGGCTTGCATTCCCTCCAGGAGATTAGGGTCTGTGAGATCCATGAAGACAGCAGCACCAGGGGCTCCCGGCATTTCTACTACGATGGGGAGCTCTTCCTCTCCCAAAACCTGGAGACTCAAGAATCGACAGTGCCCCAGTCCTCCAGAGCTCAGACCTTGGCTATGAACGTCACAAATTTCTGGAAGGAAGATGCCATGAAGACCAAGACACACTATCGCGCTATGCAGGCAGACTGCCTGCAGAAACTACAGCGATATCTGAAATCCGGGGTGGCCATCAGGAGAACAGTGCCCCCCATGGTGAATGTCACCTGCAGCGAGGTCTCAGAGGGCAACATCACCGTGACATGCAGGGCTTCCAGCTTCTATCCCCGGAATATCACACTGACCTGGCGTCAGGATGGGGTATCTTTGAGCCACAACACCCAGCAGTGGGGGGATGTCCTGCCTGATGGGAATGGAACCTACCAGACCTGGGTGGCCACCAGGATTCGCCAAGGAGAGGAGCAGAGGTTCACCTGCTACATGGAACACAGCGGGAATCACGGCACTCACCCTGTGCCCTCTGGGAAGGCGCTGGTGCTTCAGAGTCAACGGACAGACTTTCCATATGTTTCTGCTGCTATGCCATGTTTTGTTATTATTATTATTCTCTGTGTCCCTTGTTGCAAGAAGAAAACATCAGCGGCAGAGGGTCCAGAGCTTGTGAGCCTGCAGGTCCTGGATCAACACCCAGTTGGGACAGGAGACCACAGGGATGCAGCACAGCTGGGATTTCAGCCTCTGATGTCAGCTACTGGGTCCACTGGTTCCACTGAGGGCACCTAG","MICB*004:01:01, MICB*004:01:02"
"ATGGGGCTGGGCCGGGTCCTGCTGTTTCTGGCCGTCGCCTTCCCTTTTGCACCCCCGGCAGCCGCCGCTGAGCCCCACAGTCTTCGTTACAACCTCATGGTGCTGTCCCAGGATGGATCTGTGCAGTCAGGGTTTCTCGCTGAGGGACATCTGGATGGTCAGCCCTTCCTGCGCTATGACAGGCAGAAACGCAGGGCAAAGCCCCAGGGACAGTGGGCAGAAGATGTCCTGGGAGCTAAGACCTGGGACACAGAGACCGAGGACTTGACAGAGAATGGGCAAGACCTCAGGAGGACCCTGACTCATATCAAGGACCAGAAAGGAGGCTTGCATTCCCTCCAGGAGATTAGGGTCTGTGAGATCCATGAAGACAGCAGCACCAGGGGCTCCCGGCATTTCTACTACGATGGGGAGCTCTTCCTCTCCCAAAACCTGGAGACTCAAGAATCGACAGTGCCCCAGTCCTCCAGAGCTCAGACCTTGGCTATGAACGTCACAAATTTCTGGAAGGAAGATGCCATGAAGACCAAGACACACTATCGCGCTATGCAGGCAGACTGCCTGCAGAAACTACAGCGATATCTGAAATCCGGGGTGGCCATCAGGAGAACAGTGCCCCCCATGGTGAATGTCACCTGCAGCGAGGTCTCAGAGGGCAACATCACCGTGACATGCAGGGCTTCCAGCTTCTATCCCCGGAATATCACACTGACCTGGCGTCAGGATGGGGTATCTTTGAGCCACAACACCCAGCAGTGGGGGGATGTCCTGCCTGATGGGAATGGAACCTACCAGACCTGGGTGGCCACCAGGATTCGCCAAGGAGAGGAGCAGAGGTTCACCTGCTACATGGAACACAGCGGGAATCACGGCACTCACCCTGTGCCCTCTGGGAAGGCGCTGGTGCTTCAGAGTCAACGGACAGACTTTCCATATGTTTCTGCTGCTATGCCATGTTTTGTTATTATTATTATTCTCTGTGTCCCTTGTTGCAAGAAGAAAACATCAGCGGCAGAGGGTCCAGAGCTTGTGAGCCTGCAGGTCCTGGATCAACACCCAGTTGGGACAGGAGACCACAGGGATGCAGCACAGCTGGGATTTCAGCCTCTGATGTCAGCTACTGGGTCCACTGGTTCCACTGAGGGCGCCTAG","MICB*005:02:01, MICB*005:02:02, MICB*005:02:03, MICB*005:02:04"
"ATGGGGCTGGGCCGGGTCCTGCTGTTTCTGGCCGTCGCCTTCCCTTTTGCACCCCCGGCAGCCGCCGCTGAGCCCCACAGTCTTCGTTACAACCTCATGGTGCTGTCCCAGGATGGATCTGTGCAGTCAGGGTTTCTCGCTGAGGGACATCTGGATGGTCAGCCCTTCCTGCGCTATGACAGGCAGAAACGCAGGGCAAAGCCCCAGGGACAGTGGGCAGAAGATGTCCTGGGAGCTGAGACCTGGGACACAGAGACCGAGGACTTGACAGAGAATGGGCAAGACCTCAGGAGGACCCTGACTCATATCAAGGACCAGAAAGGAGGCTTGCATTCCCTCCAGGAGATTAGGGTCTGTGAGATCCATGAAGACAGCAGCACCAGGGGCTCCCGGCATTTCTACTACAATGGGGAGCTCTTCCTCTCCCAAAACCTGGAGACTCAAGAATCGACAGTGCCCCAGTCCTCCAGAGCTCAGACCTTGGCTATGAACGTCACAAATTTCTGGAAGGAAGATGCCATGAAGACCAAGACACACTATCGCGCTATGCAGGCAGACTGCCTGCAGAAACTACAGCGATATCTGAAATCCGGGGTGGCCATCAGGAGAACAGTGCCCCCCATGGTGAATGTCACCTGCAGCGAGGTCTCAGAGGGCAACATCACCGTGACATGCAGGGCTTCCAGCTTCTATCCCCGGAATATCACACTGACCTGGCGTCAGGATGGGGTATCTTTGAGCCACAACACCCAGCAGTGGGGGGATGTCCTGCCTGATGGGAATGGAACCTACCAGACCTGGGTGGCCACCAGGATTCGCCAAGGAGAGGAGCAGAGGTTCACCTGCTACATGGAACACAGCGGGAATCACGGCACTCACCCTGTGCCCTCTGGGAAGGCGCTGGTGCTTCAGAGTCAACGGACAGACTTTCCATATGTTTCTGCTGCTATGCCATGTTTTGTTATTATTATTATTCTCTGTGTCCCTTGTTGCAAGAAGAAAACATCAGCGGCAGAGGGTCCAGAGCTTGTGAGCCTGCAGGTCCTGGATCAACACCCAGTTGGGACAGGAGACCACAGGGATGCAGCACAGCTGGGATTTCAGCCTCTGATGTCAGCTACTGGGTCCACTGGTTCCACTGAGGGCGCCTAG","MICB*002:01:01, MICB*002:01:02"
"ATGGGGGTCATGGCTCCCCGAACCCTCCTCCTGCTGCTCTTGGGGGCCCTGGCCCTGACCGAGACCTGGGCCGGCTCCCACTCCTTGAGGTATTTCAGCACCGCAGTGTCCCAGCCCGGCCGCGGGGAGCCCCGGTTCATCGCCGTGGGCTACGTGGACGACACAGAGTTCGTGCGGTTCGACAGCGACTCCGTGAGTCCGAGGATGGAGCGGCGGGCGCCGTGGGTGGAGCAGGAGGGGCTGGAGTATTGGGACCAGGAGACACGGAACGCCAAGGGCCACGCGCAGATTTACCGAGTGAACCTGCGGACCCTGCTCCGCTATTACAACCAGAGCGAGGCCGGTTCTCACACCATCCAGAGGAAGCATGGCTGCGACGTGGGCCCGACAGGCGCCTCCTCCGCAGGTATGAACAGTTCGCCTACGATGGCAAGGATTACATCGCCCTGAACGAGGACCTGCACTCCTGGACCGCCGCGAACACAGCGGCTCAGATCTCCCAGCACAAGTGGGAAGCGGACAAATACTCAGAGCAGGTCAGGGCCTACCTGAGGGCAAGTGCATGGAGTGGCTCCGCAGACACCTGGAGAACGGGAAGGAGACGCTGCAGCACGCGGATCCCCCAAAGGCACATGTGACCCAGCACCCCATCTCTGACCATGAGGCCACCCTGAGGTGCTGGGCCCTGGGCCTCTACCCTGCGGAGATCACACTGACCTGGCAGCAGGATGGGGAGGACCAGACCCAGGACACGGAGCTTGTGGAGACCAGGCCTGCAGGGGACGGAACCTTCCAGAAGTGGGTGGCTGTAGTGGTGCCTTCCGGAGAGGAGCAGAGATACATGTGCCATGTGCAGCATGAGGGGCTGCCAGAGCCCCTCACCCTGAGATGGGAGCCGTCTTCTCAGCCCACCATCCCCATCGTGGGCATCGTTGCTGGCCTGTTTCTCCTTGGAGCTGTGGTCACTGGAGCTGTGGTTGCTGCTGCGATGTGGAGGAAGAAAAGCTCAGATAGAACAAGGAGGAGCTATGCTCGGGCTGCCTGCAGCAATTGTGCTCAGTACTCTGATGCATCTCATGATACTTGTAAAGCTTGA","L*01:01:01:01, L*01:01:01:02, L*01:01:01:03"
"ATGGGGTCATGGCGCCCCGAACCCTCCTCCTGCTGCTCTCGGGGACCCTGGCCCTGGCCGAGACCTGGGCGGGCTCCCACTCCATGAGGTATTTCAGCACCGCCGTTTCCTGGCCGGGCCGCGGGGAGCCCAGCTTCATTGCCGTGGGCTACGTGGACGACACGCAGTTCGTGCGGGTCGACAGTGACGCCGTGAGTCTGAGGATGAAGACGCGGGCGCGGTGGGTGGAGCAGGAGGGGCCGGAGTATTGGGACCTACAGACACTGGGCGCCAAGGCCCAGGCACAGACTGACCGAGTGAACCTGCGGACCCTGCTCCGCTACTACAACCAGAGCGAGGCGGGGTATCACATCCTCCAGGGAATGTTTGGCTGCGACCTGGGGCCCGACGGGCGTCTCCTCCGCGGGTATGAGCAGTATGCCTACGACGGCAAGGATTACATCGCCCTGAACGAGGACCTGCGCTCCTGGACCGCCGCGGATACCGCGGCTCAGATTACCCAGCGCAAGTATGAGGCGGCCAATGTGGCTGAGCAAAGGAGAGCCTACCTGGAGGGCACCTGCATGGAGTGGCTCCGCAGACACCTGGAGAACGGGAAGGAGACGCTGCAGCGCGCGGACCCCCCCCAAGACACACGTGACCCACCCCCCTCTCTGAACATGAGGCATAACGAGGTCCTGGGTTCTGGGCTTCTACCCTGCGGAGATCACATTGACCTGGCAGCGGGATGGGGAGGACCAGACCCAGGACATGGAGCTCGTGGAGACCAGGCCCACAGGGGATGGAACCTTCCAGAAGTGGGCGGTTGTGGTAGTGCCTTCTGGAGAGGAACAGAGATACACATGCCATGTGCAGCACAAGGGGCTGCCCAAGCCCCTCATCCTGAGATGGGAGCCCTCTCCCCAGCCCACCATCCCCATTGTGGGTATCATTGCTGGCCTGGTTCTCCTTGGAGCTGTGGTCACTGGAGCTGTGGTCACTGCTGTGATGTGGAGGAAGAAGAGCTCAGATAGAAAAGGAGGGAGCTACTCTCAGGCTGCAAGCAGCCAAAGTGCCCAGGGCTCTGATGTGTCTCTCACGGCTTGTAAAGTGTGA","J*01:01:01:01, J*01:01:01:02, J*01:01:01:03, J*01:01:01:04, J*01:01:01:05"
"ATGGGTCATGAACAGAACCAAGGAGCTGCGCTGCTACAGATGTTACCACTTCTGTGGCTGCTACCCCACTCCTGGGCCGTCCCTGAAGCTCCTACTCCAATGTGGCCAGATGACCTGCAAAACCACACATTCCTGCACACAGTGTACTGCCAGGATGGGAGTCCCAGTGTGGGACTCTCTGAGGCCTACGACGAGGACCAGCTTTTCTTCTTCGACTTTTCCCAGAACACTCGGGTGCCTCGCCTGCCCGAATTTGCTGACTGGGCTCAGGAACAGGGAGATGCTCCTGCCATTTTATTTGACAAAGAGTTCTGCGAGTGGATGATCCAGCAAATAGGGCCAAAACTTGATGGGAAAATCCCGGTGTCCAGAGGGTTTCCTATCGCTGAAGTGTTCACGCTGAAGCCCCTGGAGTTTGGCAAGCCCAACACTTTGGTCTGTTTTGTCAGTAATCTCTTCCCACCCATGCTGACAGTGAACTGGCAGCATCATTCCGTCCCTGTGGAAGGATTTGGGCCTACTTTTGTCTCAGCTGTCGATGGACTCAGCTTCCAGGCCTTTTCTTACTTAAACTTCACACCAGAACCTTCTGACATTTTCTCCTGCATTGTGACTCACGAAATTGACCGCTACACAGCAATTGCCTATTGGGTACCCCGGAACGCACTGCCCTCAGATCTGCTGGAGAATGTGCTGTGTGGCGTGGCCTTTGGCCTGGGTGTGCTGGGCATCATCGTGGGCATTGTTCTCATCATCTACTTCCGGAAGCCTTGCTCAGGTGACTGA","DMA*01:01:01:01, DMA*01:01:01:02, DMA*01:01:01:03, DMA*01:01:01:04"
"ATGGGTTCTGGGTGGGTCCCCTGGGTGGTGGCTCTGCTAGTGAATCTGACCCGACTGGATTCCTCCATGACTCAAGGCACAGACTCTCCAGAAGACTTTGTGATTCAGGCAAAGGCTGACTGTTACTTCACCAACGGGACAGAAAAGGTGCAGTTTGTGGTCAGATTCATCTTTAACTTGGAGGAGTATGTACGTTTCGACAGTGATGTGGGGATGTTTGTGGCATTGACCAAGCTGGGGCAGCCAGATGCTGAGCAGTGGAACAGCCGGCTGGATCTCTTGGAGAGGAGCAGACAGGCCGTGGATGGGGTCTGTAGACACAACTACAGGCTGGGCGCACCCTTCACTGTGGGGAGAAAAGTGCAACCAGAGGTGACAGTGTACCCAGAGAGGACCCCACTCCTGCACCAGCATAATCTGCTGCACTGCTCTGTGACAGGCTTCTATCCAGGGGATATCAAGATCAAGTGGTTCCTGAATGGGCAGGAGGAGAGAGCTGGGGTCATGTCCACTGGCCCTATCAGGAATGGAGACTGGACCTTTCAGACTGTGGTGATGCTAGAAATGACTCCTGAACTTGGACATGTCTACACCTGCCTTGTCGATCACTCCAGCCTGCTGAGCCCTGTTTCTGTGGAGTGGAGAGCTCAGTCTGAATATTCTTGGAGAAAGATGCTGAGTGGCATTGCAGCCTTCCTACTTGGGCTAATCTTCCTTCTGGTGGGAATCGTCATCCAGCTAAGGGCTCAGAAAGGATATGTGAGGACGCAGATGTCTGGTAATGAGGTCTCAAGAGCTGTTCTGCTCCCTCAGTCATGCTAAG","DOB*01:01:03:01, DOB*01:01:03:02"
"ATGGGTTCTGGGTGGGTCCCCTGGGTGGTGGCTCTGCTAGTGAATCTGACCCGACTGGATTCCTCCATGACTCAAGGCACAGACTCTCCAGAAGATTTTGTGATTCAGGCAAAGGCTGACTGTTACTTCACCAACGGGACAGAAAAGGTGCAGTTTGTGGTCAGATTCATCTTTAACTTGGAGGAGTATGTACGTTTCGACAGTGATGTGGGGATGTTTGTGGCATTGACCAAGCTGGGGCAGCCAGATGCTGAGCAGTGGAACAGCCGGCTGGATCTCTTGGAGAGGAGCAGACAGGCCGTGGATGGGGTCTGTAGACACAACTACAGGCTGGGCGCACCCTTCACTGTGGGGAGAAAAGTGCAACCAGAGGTGACAGTGTACCCAGAGAGGACCCCACTCCTGCACCAGCATAATCTGCTGCACTGCTCTGTGACAGGCTTCTATCCAGGGGATATCAAGATCAAGTGGTTCCTGAATGGGCAGGAGGAGAGAGCTGGGGTCATGTCCACTGGCCCTATCAGGAATGGAGACTGGACCTTTCAGACTGTGGTGATGCTAGAAATGACTCCTGAACTTGGACATGTCTACACCTGCCTTGTCGATCACTCCAGCCTGCTGAGCCCTGTTTCTGTGGAGTGGAGAGCTCAGTCTGAATATTCTTGGAGAAAGATGCTGAGTGGCATTGCAGCCTTCCTACTTGGGCTAATCTTCCTTCTGGTGGGAATCGTCATCCAGCTAAGGGCTCAGAAAGGATATGTGAGGACGCAGATGTCTGGTAATGAGGTCTCAAGAGCTGTTCTGCTCCCTCAGTCATGCTAAG","DOB*01:01:01:01, DOB*01:01:01:02, DOB*01:01:01:03, DOB*01:01:01:04"
"ATGGGTTCTGGGTGGGTCCCCTGGGTGGTGGCTCTGCTAGTGAATCTGACCCGACTGGATTCCTCCATGACTCAAGGCACAGACTCTCCAGAAGATTTTGTGATTCAGGCAAAGGCTGACTGTTACTTCACCAACGGGACAGAAAAGGTGCAGTTTGTGGTCAGATTCATCTTTAACTTGGAGGAGTATGTACGTTTCGACAGTGATGTGGGGATGTTTGTGGCATTGACCAAGCTGGGGCAGCCAGATGCTGAGCAGTGGAACAGCCGGCTGGATCTCTTGGAGAGGAGCAGACAGGCCGTGGATGGGGTCTGTAGACACAACTACAGGCTGGGCGCACCCTTCACTGTGGGGAGAAAAGTGCAACCAGAGGTGACAGTGTACCCAGAGAGGACCCCACTCCTGCACCAGCATAATCTGCTGCACTGCTCTGTGACAGGCTTCTATCCAGGGGATATCAAGATCAAGTGGTTCCTGAATGGGCAGGAGGAGAGAGCTGGGGTCATGTCCACTGGCCCTATCAGGAATGGAGACTGGACCTTTCAGACTGTGGTGATGCTAGAAATGACTCCTGAACTTGGACATGTCTATACCTGCCTTGTCGATCACTCCAGCCTGCTGAGCCCTGTTTCTGTGGAGTGGAGAGCTCAGTCTGAATATTCTTGGAGAAAGATGCTGAGTGGCATTGCAGCCTTCCTATTTGGGCTAATCTTCCTTCTGGTGGGAATCGTCATCCAGCTAAGGGCTCAGAAAGGATATGTGAGGACGCAGATGTCTGGTAATGAGGTCTCAAGAGCTGTTCTGCTCCCTCAGTCATGCTAAG","DOB*01:04:01:01, DOB*01:04:01:02"
"ATGGTAGATGGAACCCTCCTTTTACTCCTCTCGGAGGCCCTGGCCCTTACCCAGACCTGGGCGGGCTCCCACTCCTTGAAGTATTTCCACACTTCCGTGTCCCGGCCCGGCCGCGGGGAGCCCCGCTTCATCTCTGTGGGCTACGTGGACGACACCCAGTTCGTGCGCTTCGACAACGACGCCGCGAGTCCGAGGATGGTGCCGCGGGCGCCGTGGATGGAGCAGGAGGGGTCAGAGTATTGGGACCGGGAGACACGGAGCGCCAGGGACACCGCACAGATTTTCCGAGTGAACCTGCGGACGCTGCGCGGCTACTACAATCAGAGCGAGGCCGGGTCTCACACCCTGCAGTGGATGCATGGCTGCGAGCTGGGGCCCGACAGGCGCTTCCTCCGCGGGTATGAACAGTTCGCCTACGACGGCAAGGATTATCTCACCCTGAATGAGGACCTGCGCTCCTGGACCGCGGTGGACACGGCGGCTCAGATCTCCGAGCAAAAGTCAAATGATGCCTCTGAGGCGGAGCACCAGAGAGCCTACCTGGAAGACACATGCGTGGAGTGGCTCCACAAATACCTGGAGAAGGGGAAGGAGACGCTGCTTCACCTGGAGCCCCCAAAGACACACGTGACTCACCACCCCATCTCTGACCATGAGGCCACCCTGAGGTGCTGGGCCCTGGGCTTCTACCCTGCGGAGATCACACTGACCTGGCAGCAGGATGGGGAGGGCCATACCCAGGACACGGAGCTCGTGGAGACCAGGCCTGCAGGGGATGGAACCTTCCAGAAGTGGGCAGCTGTGGTGGTGCCTTCTGGAGAGGAGCAGAGATACACGTGCCATGTGCAGCATGAGGGGCTACCCGAGCCCGTCACCCTGAGATGGAAGCCGGCTTCCCAGCCCACCATCCCCATCGTGGGCATCATTGCTGGCCTGGTTCTCCTTGGATCTGTGGTCTCTGGAGCTGTGGTTGCTGCTGTGATATGGAGGAAGAAGAGCTCAGGTGGAAAAGGAGGGAGCTACTCTAAGGCTGAGTGGAGCGACAGTGCCCAGGGGTCTGAGTCTCACAGCTTGTAA","E*01:01:01:01, E*01:01:01:02, E*01:01:01:03"
"ATGGTAGATGGAACCCTCCTTTTACTCCTCTCGGAGGCCCTGGCCCTTACCCAGACCTGGGCGGGCTCCCACTCCTTGAAGTATTTCCACACTTCCGTGTCCCGGCCCGGCCGCGGGGAGCCCCGCTTCATCTCTGTGGGCTACGTGGACGACACCCAGTTCGTGCGCTTCGACAACGACGCCGCGAGTCCGAGGATGGTGCCGCGGGCGCCGTGGATGGAGCAGGAGGGGTCAGAGTATTGGGACCGGGAGACACGGAGCGCCAGGGACACCGCACAGATTTTCCGAGTGAACCTGCGGACGCTGCGCGGCTACTACAATCAGAGCGAGGCCGGGTCTCACACCCTGCAGTGGATGCATGGCTGCGAGCTGGGGCCCGACGGGCGCTTCCTCCGCGGGTATGAACAGTTCGCCTACGACGGCAAGGATTATCTCACCCTGAATGAGGACCTGCGCTCCTGGACCGCGGTGGACACGGCGGCTCAGATCTCCGAGCAAAAGTCAAATGATGCCTCTGAGGCGGAGCACCAGAGAGCCTACCTGGAAGACACATGCGTGGAGTGGCTCCACAAATACCTGGAGAAGGGGAAGGAGACGCTGCTTCACCTGGAGCCCCCAAAGACACACGTGACTCACCACCCCATCTCTGACCATGAGGCCACCCTGAGGTGCTGGGCCCTGGGCTTCTACCCTGCGGAGATCACACTGACCTGGCAGCAGGATGGGGAGGGCCATACCCAGGACACGGAGCTCGTGGAGACCAGGCCTGCAGGGGATGGAACCTTCCAGAAGTGGGCAGCTGTGGTGGTGCCTTCTGGAGAGGAGCAGAGATACACGTGCCATGTGCAGCATGAGGGGCTACCCGAGCCCGTCACCCTGAGATGGAAGCCGGCTTCCCAGCCCACCATCCCCATCGTGGGCATCATTGCTGGCCTGGTTCTCCTTGGATCTGTGGTCTCTGGAGCTGTGGTTGCTGCTGTGATATGGAGGAAGAAGAGCTCAGGTGGAAAAGGAGGGAGCTACTCTAAGGCTGAGTGGAGCGACAGTGCCCAGGGGTCTGAGTCTCACAGCTTGTAA","E*01:03:01:01, E*01:03:01:02"
"ATGGTAGATGGAACCCTCCTTTTACTCCTCTCGGAGGCCCTGGCCCTTACCCAGACCTGGGCGGGCTCCCACTCCTTGAAGTATTTCCACACTTCCGTGTCCCGGCCCGGCCGCGGGGAGCCCCGCTTCATCTCTGTGGGCTACGTGGACGACACCCAGTTCGTGCGCTTCGACAACGACGCCGCGAGTCCGAGGATGGTGCCGCGGGCGCCGTGGATGGAGCAGGAGGGGTCAGAGTATTGGGACCGGGAGACACGGAGCGCCAGGGACACCGCACAGATTTTCCGAGTGAATCTGCGGACGCTGCGCGGCTACTACAATCAGAGCGAGGCCGGGTCTCACACCCTGCAGTGGATGCATGGCTGCGAGCTGGGGCCCGACGGGCGCTTCCTCCGCGGGTATGAACAGTTCGCCTACGACGGCAAGGATTATCTCACCCTGAATGAGGACCTGCGCTCCTGGACCGCGGTGGACACGGCGGCTCAGATCTCCGAGCAAAAGTCAAATGATGCCTCTGAGGCGGAGCACCAGAGAGCCTACCTGGAAGACACATGCGTGGAGTGGCTCCACAAATACCTGGAGAAGGGGAAGGAGACGCTGCTTCACCTGGAGCCCCCAAAGACACACGTGACTCACCACCCCATCTCTGACCATGAGGCCACCCTGAGGTGCTGGGCCCTGGGCTTCTACCCTGCGGAGATCACACTGACCTGGCAGCAGGATGGGGAGGGCCATACCCAGGACACGGAGCTCGTGGAGACCAGGCCTGCAGGGGATGGAACCTTCCAGAAGTGGGCAGCTGTGGTGGTGCCTTCTGGAGAGGAGCAGAGATACACGTGCCATGTGCAGCATGAGGGGCTACCCGAGCCCGTCACCCTGAGATGGAAGCCGGCTTCCCAGCCCACCATCCCCATCGTGGGCATCATTGCTGGCCTGGTTCTCCTTGGATCTGTGGTCTCTGGAGCTGTGGTTGCTGCTGTGATATGGAGGAAGAAGAGCTCAGGTGGAAAAGGAGGGAGCTACTCTAAGGCTGAGTGGAGCGACAGTGCCCAGGGGTCTGAGTCTCACAGCTTGTAA","E*01:03:02:01, E*01:03:02:02"
"ATGGTGCTCATGGCGCCCCGAACCCTCCTCCTGCTGCTCTCAGGGGCCCTGGCCCTGACCCAGACCTGGGCGCGCTCCCACTCCATGAGGTATTTCTACACCACCATGTCCCGGCCCGGCCGCGGGGAGCCCCGCTTCATCTCCGTCGGCTACGTGGACGATACGCAGTTCGTGCGGTTCGACAGCGACGACGCGAGTCCGAGAGAGGAGCCGCGGGCGCCGTGGATGGAGCGGGAGGGGCCGGAGTATTGGGACCGGAACACACAGATCTGCAAGGCCCAAGCACGGACTGAACGAGAGAACCTGCGGATCGCGCTCCGCTACTACAACCAGAGCGAGGGCGGTTCTCACACCATGCAGGTGATGTATGGCTGCGACGTGGGGCCCGACGGGCGCTTCCTCTGCGGGTATGAACAGCACGCCTACGACGGCAAGGATTACATCGCTCTGAACGAGGACCTGCGCTCCTGGACCGCGGCGGACATGGCAGCTCAGATCACCAAGCGCAAGTGGGAGGCGGCCCGTCGGGCGGAGCAGCGGAGAGTCTACCTGGAGGGCGAGTTCGTGGAGTGGCTCCGCAGATACCTGGAGAACGGGAAGGAGACGCTGCAGCGCGCGGACCCCCCCAAGACACATATGACCCACCACCCCATCTCTGACCATGAGGCCACCCTGAGGTGCTGGGCCCTGGGCTTCTACCCTGCGGAGATCACACTGACCTGGCAGCGGGATGGGGAGGACCAGACCCACACACGGAGCTCGTGGAGACCAGGCCTGCAGGGGATGGAACCTTCCAGAAGTGGGCGGCTGTGGTGGTGCCTTCTGGAGAGGAGCAGAGATACACCTGCCATGTGCAGCATGAGGGTCTGCCAGAGCCCCTCACCCTGAGATGGGAGCCATCTTCCCAGCCCACCATCCCCATCGTGGGCATCGTTGCTGGCCTGGTTCTACTTGTAGCTGTGGTCACTGGAGCTGTGGTCGCTGCTGTAATGTGGAGGAAGAAGAGCTCAGATAGAAAAGGAGGGAGCTACTCTCAGGCTGCAAGCGGCAACAGTGCCCAGGGCTCTGATGTGTCTCTCACAGCGTGAAAGTGTGA","H*02:01:01:01, H*02:01:01:02"
"ATGGTGCTCATGGCGCCCCGAACCCTCCTCCTGCTGCTCTCAGGGGCCCTGGCCCTGACCCAGACCTGGGCGCGCTCCCACTCCATGAGGTATTTCTACACCACCATGTCCCGGCCCGGCCGCGGGGAGCCCCGCTTCATCTCCGTCGGCTACGTGGACGATACGCAGTTCGTGCGGTTCGACAGCGACGCCGCGAGCCAGAGGATGGAGCCGCGGGCGCCGTGGATGGAGCGGGAGGGGCCGGAGTATTGGGACCGGAACACACAGATCTGCAAGGCCCAGGCACAGACTGAACGAGAGAACCTGCGGATCGCGCTCCGCTACTACAACCAGAGCGAGGGCGGTTCTCACACCATGCAGGTGATGTATGGCTGCGACGTGGGGCCCGACGGGCGCTTCCTCCGCGGGTATGAACAGCACGCCTACGACAGCAAGGATTACATCGCTCTGAACGAGGACCTGCGCTCCTGGACCGCGGCGGACATGGCAGCTCAGATCACCAAGCGCAAGTGGGAGGCGGCCCGTCAGGCGGAGCAGCTGAGAGCCTACCTGGAGGGCGAGTTCGTGGAGTGGCTCCGCAGATACCTGGAGAACGGGAAGGAGACGCTGCAGCGCGCGGACCCCCCCAAGACACATATGACCCACCACCCCATCTCTGACCATGAGGCCACCCTGAGGTGCTGGGCCCTGGGCTTCTACCCTGCGGAGATCACACTGACCTGGCAGCGGGATGGGGAGGACCAGACCCACACACGGAGCTCATGGAGACCAGGCCTGCAGGGGATGGAACCTTCCAGAAGTGGGCGGCTGTGGTGGTGCCTTCTGGAGAGGAGCAGAGATACACCTGCCATGTGCAGCATGAGGGTCTGCCAGAGCCCCTCACCCTGAGATGGGAGCCATCTTCCCAGCCCACCATCCCCATCGTGGGCATCGTTGCTGGCCTGGTTCTACTTGTAGCTGTGGTCACTGGAGCTGTGGTCGCTGCTGTAATGTGGAGGAAGAAGAGCTCAGATAGAAAAGGAGGGAGCTACTCTCAGGCTGCAAGCGGCAACAGTGCCCAGGGCTCTGATGTGTCTCTCACGGCGTGAAAGTGTGA","H*01:01:01:01, H*01:01:01:02, H*01:01:01:03"
"ATGGTGGTCATGGCACCCCGAACCCTCTTCCTGCTACTCTCGGGGGCCCTGACCCTGACCGAGACCTGGGCGGGCTCCCACTCCATGAGGTATTTCAGCGCCGCCGTGTCCCGGCCCGGCCGCGGGGAGCCCCGCTTCATCGCCATGGGCTACGTGGACGACACGCAGTTCGTGCGGTTCGACAGCGACTCGGCGTGTCCGAGGATGGAGCCGCGGGCGCCGTGGGTGGAGCAGGAGGGGCCAGAGTATTGGGAAGAGGAGACACGGAACACCAAGGCCCACGCACAGACTGACAGAATGAACCTGCAGACCCTGCGCGGCTACTACAACCAGAGCGAGGCCAGTTCTCACACCCTCCAGTGGATGATTGGCTGCGACCTGGGGTCCGACGGTCGCCTCCTCCGCGGGTATGAACAGTATGCCTACGATGGCAAGGATTACCTCGCCCTGAACGAGGACCTGCGCTCCTGGACCGCAGCGGACACTGCGGCTCAGATCTCCAAGCGCAAGTGTGAGGCGGCCAATGTGGCTGAACAAAGGAGAGCCTACCTGGAGGGCACGTGCGTGGAGTGGCTCCACAGATACCTGGAGAACGGGAAGGAGATGCTGCAGCGCGCGGACCCCCCCAAGACACACGTGACCCACCACCCTGTCTTTGACTATGAGGCCACCCTGAGGTGCTGGGCCCTGGGCTTCTACCCTGCGGAGATCATACTGACCTGGCAGCGGGATGGGGAGGACCAGACCCAGGACGTGGAGCTCGTGGAGACCAGGCCTGCAGGGGATGGAACCTTCCAGAAGTGGGCAGCTGTGGTGGTGCCTTCTGGAGAGGAGCAGAGATACACGTGCCATGTGCAGCATGAGGGGCTGCCGGAGCCCCTCATGCTGAGATGGAAGCAGTCTTCCCTGCCCACCATCCCCATCATGGGTATCGTTGCTGGCCTGGTTGTCCTTGCAGCTGTAGTCACTGGAGCTGCGGTCGCTGCTGTGCTGTGGAGGAAGAAGAGCTCAGATTGA","G*01:01:03:01, G*01:01:03:02, G*01:01:03:03"
"ATGGTGGTCATGGCACCCCGAACCCTCTTCCTGCTACTCTCGGGGGCCCTGACCCTGACCGAGACCTGGGCGGGCTCCCACTCCATGAGGTATTTCAGCGCCGCCGTGTCCCGGCCCGGCCGCGGGGAGCCCCGCTTCATCGCCATGGGCTACGTGGACGACACGCAGTTCGTGCGGTTCGACAGCGACTCGGCGTGTCCGAGGATGGAGCCGCGGGCGCCGTGGGTGGAGCAGGAGGGGCCAGAGTATTGGGAAGAGGAGACACGGAACACCAAGGCCCACGCACAGACTGACAGAATGAACCTGCAGACCCTGCGCGGCTACTACAACCAGAGCGAGGCCAGTTCTCATACCCTCCAGTGGATGATTGGCTGCGACCTGGGGTCCGACGGACGCCTCCTCCGCGGGTATGAACAGTATGCCTACGATGGCAAGGATTACCTCGCCCTGAACGAGGACCTGCGCTCCTGGACCGCAGCGGACACTGCGGCTCAGATCTCCAAGCGCAAGTGTGAGGCGGCCAATGTGGCTGAACAAAGGAGAGCCTACCTGGAGGGCACGTGCGTGGAGTGGCTCCACAGATACCTGGAGAACGGGAAGGAGATGCTGCAGCGCGCGGACCCCCCCAAGACACACGTGACCCACCACCCTGTCTTTGACTATGAGGCCACCCTGAGGTGCTGGGCCCTGGGCTTCTACCCTGCGGAGATCATACTGACCTGGCAGCGGGATGGGGAGGACCAGACCCAGGACGTGGAGCTCGTGGAGACCAGGCCTGCAGGGGATGGAACCTTCCAGAAGTGGGCAGCTGTGGTGGTGCCTTCTGGAGAGGAGCAGAGATACACGTGCCATGTGCAGCATGAGGGGCTGCCGGAGCCCCTCATGCTGAGATGGAAGCAGTCTTCCCTGCCCACCATCCCCATCATGGGTATCGTTGCTGGTCTGGTTGTCCTTGCAGCTGTAGTCACTGGAGCTGCGGTCGCTGCTGTGCTGTGGAGGAAGAAGAGCTCAGATTGA","G*01:01:02:01, G*01:01:02:02"
"ATGGTGGTCATGGCGCCCCGAACCCTCTTCCTGCTGCTCTCGGGGGCCCTGACCCTGACCGAGACCTGGGCGGGCTCCCACTCCATGAGGTATTTCAGCGCCGCCGTGTCCCGGCCCGGCCGCGGGGAGCCCCGCTTCATCGCCATGGGCTACGTGGACGACACGCAGTTCGTGCGGTTCGACAGCGACTCGGCGTGTCCGAGGATGGAGCCGCGGGCGCCGTGGGTGGAGCAGGAGGGGCCGGAGTATTGGGAAGAGGAGACACGGAACACCAAGGCCCACGCACAGACTGACAGAATGAACCTGCAGACCCTGCGCGGCTACTACAACCAGAGCGAGGCCAGTTCTCACACCCTCCAGTGGATGATTGGCTGCGACCTGGGGTCCGACGGACGCCTCCTCCGCGGGTATGAACAGTATGCCTACGATGGCAAGGATTACCTCGCCCTGAACGAGGACCTGCGCTCCTGGACCGCAGCGGACACTGCGGCTCAGATCTCCAAGCGCAAGTGTGAGGCGGCCAATGTGGCTGAACAAAGGAGAGCCTACCTGGAGGGCACGTGCGTGGAGTGGCTCCACAGATACCTGGAGAACGGGAAGGAGATGCTGCAGCGCGCGGACCCCCCCAAGACACACGTGACCCACCACCCTGTCTTTGACTATGAGGCCACCCTGAGGTGCTGGGCCCTGGGCTTCTACCCTGCGGAGATCATACTGACCTGGCAGCGGGATGGGGAGGACCAGACCCAGGACGTGGAGCTCGTGGAGACCAGGCCTGCAGGGGATGGAACCTTCCAGAAGTGGGCAGCTGTGGTGGTGCCTTCTGGAGAGGAGCAGAGATACACGTGCCATGTGCAGCATGAGGGGCTGCCGGAGCCCCTCATGCTGAGATGGAAGCAGTCTTCCCTGCCCACCATCCCCATCATGGGTATCGTTGCTGGCCTGGTTGTCCTTGCAGCTGTAGTCACTGGAGCTGCGGTCGCTGCTGTGCTGTGGAGAAAGAAGAGCTCAGATTGA","G*01:01:01:01, G*01:01:01:02, G*01:01:01:03, G*01:01:01:04, G*01:01:01:05, G*01:01:01:06"
"ATGGTGGTCATGGCGCCCCGAACCCTCTTCCTGCTGCTCTCGGGGGCCCTGACCCTGACCGAGACCTGGGCGGGCTCCCACTCCATGAGGTATTTCAGCGCCGCCGTGTCCCGGCCCGGCCGCGGGGAGCCCCGCTTCATCGCCATGGGCTACGTGGACGACTCGCAGTTCGTGCGGTTCGACAGCGACTCGGCGTGTCCGAGGATGGAGCCGCGGGCGCCGTGGGTGGAGCAGGAGGGGCCGGAGTATTGGGAAGAGGAGACACGGAACACCAAGGCCCACGCACAGACTGACAGAATGAACCTGCAGACCCTGCGCGGCTACTACAACCAGAGCGAGGCCAGTTCTCACACCCTCCAGTGGATGATTGGCTGCGACCTGGGGTCCGACGGACGCCTCCTCCGCGGGTATGAACAGTATGCCTACGATGGCAAGGATTACCTCGCCCTGAACGAGGACCTGCGCTCCTGGACCGCAGCGGACACTGCGGCTCAGATCTCCAAGCGCAAGTGTGAGGCGGCCAATGTGGCTGAACAAAGGAGAGCCTACCTGGAGGGCACGTGCGTGGAGTGGCTCCACAGATACCTGGAGAACGGGAAGGAGATGCTGCAGCGCGCGGACCCCCCCAAGACACATGTGACCCACCACCCTGTCTTTGACTATGAGGCCACCCTGAGGTGCTGGGCCCTGGGCTTCTACCCTGCGGAGATCATACTGACCTGGCAGCGGGATGGGGAGGACCAGACCCAGGACGTGGAGCTCGTGGAGACCAGGCCTGCAGGGGATGGAACCTTCCAGAAGTGGGCAGCTGTGGTGGTGCCTTCTGGAGAGGAGCAGAGATACACGTGCCATGTGCAGCATGAGGGGCTGCCGGAGCCCCTCATGCTGAGATGGAAGCAGTCTTCCCTGCCCACCATCCCCATCATGGGTATCGTTGCTGGCCTGGTTGTCCTTGCAGCTGTAGTCACTGGAGCTGCGGTCGCTGCTGTGCTGTGGAGGAAGAAGAGCTCAGATTGA","G*01:03:01:01, G*01:03:01:02"
"ATGGTGTCATGGCGCCCCGAACCCTGCTTCTGCTGCTCTCGGGGGCCCTGGTCCTGACCCAGACCTGGGCAGGCTTCCACTCCTTGAGGTATTTCCACACCACCATGTCCCGGCCCGGCCGCGCGGATCCCCGCTTCCTCTCCGTGGGCGACGTGGACGACACGCAGTGCGTGCGGCTCGACAGCGACGCCACGAGTCCCAGGATGGAGCCGGAGGGGCCGGAATATTGGGAAGAGGAGACAGGGACCGCCAAGGCCAAAGCACAGTTTTACCGAGTGAACCTGCGGACCCTGAGCGGCTACTACAACCAGAGTGAGGCCTGGTCTCACACCCATCTAGAGGATGTCTGTCTGCGACGTGGGGTCGGACGGGCGCCTACTCCGCGGGTATCACCAGCTTGCTTACGATGGCAAGGATTCCATCGTCCTGAACGAGGACCTGTGCTCCTTGACAGCCGCAGACACGGCGGCTCAGATCACCCAGCTCAAGTGGGAGGCGGCCCGGGGGGCGGAGGTTC","V*01:01:01:02, V*01:01:01:03"
"ATGGTGTGTCTGAAGCTCCCTGGAGGCTCCAGCTTGGCAGCGTTGACAGTGACACTGATGGTGCTGAGCTCCCGACTGGCTTTCGCTGGGGACACCCGACCACGTTTCTTGGAGCTGCGTAAGTCTGAGTGTCATTTCTTCAATGGGACGGAGCGGGTGCGGTACCTGGACAGATACTTCCATAACCAGGAGGAGTTCCTGCGCTTCGACAGCGACGTGGGGGAGTACCGGGCGGTGACGGAGCTGGGGCGGCCTGTCGCCGAGTCCTGGAACAGCCAGAAGGACCTCCTGGAGCAGAAGCGGGGCCGGGTGGACAATTACTGCAGACACAACTACGGGGTTGGTGAGAGCTTCACAGTGCAGCGGCGAGTCCATCCTCAGGTGACTGTGTATCCTGCAAAGACCCAGCCCCTGCAGCACCACAACCTCCTGGTCTGCTCTGTGAGTGGTTTCTATCCAGGCAGCATTGAAGTCAGGTGGTTCCGGAACGGCCAGGAAGAGAAGGCTGGGGTGGTGTCCACGGGCCTGATCCAGAATGGAGACTGGACCTTCCAGACCCTGGTGATGCTAGAAACAGTTCCTCGGAGTGGAGAGGTTTACACTTGCCAAGTGGAGCACCCAAGCGTAACGAGCGCTCTCACAGTGGAATGGAGAGCACGGTCTGAATCTGCACAGAGCAAGATGCTGAGTGGAGTCGGGGGCTTTGTGCTGGGCCTGCTCTTCCTTGGGGCCGGGCTGTTCATCTACTTCAGGAATCAGAAAGGACACTCTGGACTTCAGCCAACAGGATTCCTGAGCTGA","DRB3*01:01:02:01, DRB3*01:01:02:02"
"ATGGTGTGTCTGAAGCTCCCTGGAGGCTCCAGCTTGGCAGCGTTGACAGTGACACTGATGGTGCTGAGCTCCCGACTGGCTTTCGCTGGGGACACCCGACCACGTTTCTTGGAGCTGCTTAAGTCTGAGTGTCATTTCTTCAATGGGACGGAGCGGGTGCGGTTCCTGGAGAGACACTTCCATAACCAGGAGGAGTACGCGCGCTTCGACAGCGACGTGGGGGAGTACCGGGCGGTGAGGGAGCTGGGGCGGCCTGATGCCGAGTACTGGAACAGCCAGAAGGACCTCCTGGAGCAGAAGCGGGGCCAGGTGGACAATTACTGCAGACACAACTACGGGGTTGGTGAGAGCTTCACAGTGCAGCGGCGAGTCCATCCTCAGGTGACTGTGTATCCTGCAAAGACCCAGCCCCTGCAGCACCACAACCTCCTGGTCTGCTCTGTGAGTGGTTTCTATCCAGGCAGCATTGAAGTCAGGTGGTTCCGGAACGGCCAGGAAGAGAAGGCTGGGGTGGTGTCCACGGGCCTGATCCAGAATGGAGACTGGACCTTCCAGACCCTGGTGATGCTAGAAACAGTTCCTCGGAGTGGAGAGGTTTACACCTGCCAAGTGGAGCACCCAAGCGTAACGAGCCCTCTCACAGTGGAATGGAGTGCACGGTCTGAATCTGCACAGAGCAAGATGCTGAGTGGAGTCGGGGGCTTTGTGCTGGGCCTGCTCTTCCTTGGGGCCGGGCTGTTCATCTACTTCAGGAATCAGAAAGGACACTCTGGACTTCAGCCAACAGGATTCCTGAGCTGA","DRB3*02:02:01:01, DRB3*02:02:01:02"
"ATGGTGTGTCTGAAGCTCCCTGGAGGCTCCTGCATGACAGCGCTGACAGTGACACTGATGGTGCTGAGCTCCCCACTGGCTTTGTCTGGGGACACCCGACCACGTTTCCTGTGGCAGCCTAAGAGGGAGTGTCATTTCTTCAATGGGACGGAGCGGGTGCGGTTCCTGGACAGACACTTCTATAACCAGGAGGAGTCCGTGCGCTTCGACAGCGACGTGGGGGAGTTCCGGGCGGTGACGGAGCTGGGGCGGCCTGACGCTGAGTACTGGAACAGCCAGAAGGACATCCTGGAGCAGGCGCGGGCCGCGGTGGACACCTACTGCAGACACAACTACGGGGTTGTGGAGAGCTTCACAGTGCAGCGGCGAGTCCAACCTAAGGTGACTGTATATCCTTCAAAGACCCAGCCCCTGCAGCACCACAACCTCCTGGTCTGCTCTGTGAGTGGTTTCTATCCAGGCAGCATTGAAGTCAGGTGGTTCCTGAACGGCCAGGAAGAGAAGGCTGGGATGGTGTCCACAGGCCTGATCCAGAATGGAGACTGGACCTTCCAGACCCTGGTGATGCTGGAAACAGTTCCTCGAAGTGGAGAGGTTTACACCTGCCAAGTGGAGCACCCAAGCGTGACAAGCCCTCTCACAGTGGAATGGAGAGCACGGTCTGAATCTGCACAGAGCAAGATGCTGAGTGGAGTCGGGGGCTTTGTGCTGGGCCTGCTCTTCCTTGGGGCCGGGCTGTTCATCTACTTCAGGAATCAGAAAGGACACTCTGGACTTCAGCCAACAGGATTCCTGAGCTGA","DRB1*15:03:01:01, DRB1*15:03:01:02"
"ATGGTGTGTCTGAAGCTCCCTGGAGGCTCCTGCATGACAGCGCTGACAGTGACACTGATGGTGCTGAGCTCCCCACTGGCTTTGTCTGGGGACACCCGACCACGTTTCCTGTGGCAGCCTAAGAGGGAGTGTCATTTCTTCAATGGGACGGAGCGGGTGCGGTTCCTGGACAGATACTTCTATAACCAGGAGGAGTCCGTGCGCTTCGACAGCGACGTGGGGGAGTTCCGGGCGGTGACGGAGCTGGGGCGGCCTGACGCTGAGTACTGGAACAGCCAGAAGGACATCCTGGAGCAGGCGCGGGCCGCGGTGGACACCTACTGCAGACACAACTACGGGGTTGTGGAGAGCTTCACAGTGCAGCGGCGAGTCCAACCTAAGGTGACTGTATATCCTTCAAAGACCCAGCCCCTGCAGCACCACAACCTCCTGGTCTGCTCTGTGAGTGGTTTCTATCCAGGCAGCATTGAAGTCAGGTGGTTCCTGAACGGCCAGGAAGAGAAGGCTGGGATGGTGTCCACAGGCCTGATCCAGAATGGAGACTGGACCTTCCAGACCCTGGTGATGCTGGAAACAGTTCCTCGAAGTGGAGAGGTTTACACCTGCCAAGTGGAGCACCCAAGCGTGACAAGCCCTCTCACAGTGGAATGGAGAGCACGGTCTGAATCTGCACAGAGCAAGATGCTGAGTGGAGTCGGGGGCTTTGTGCTGGGCCTGCTCTTCCTTGGGGCCGGGCTGTTCATCTACTTCAGGAATCAGAAAGGACACTCTGGACTTCAGCCAACAGGATTCCTGAGCTGA","DRB1*15:01:01:01, DRB1*15:01:01:02, DRB1*15:01:01:03, DRB1*15:01:01:04"
"ATGGTGTGTCTGAAGCTCCCTGGAGGCTCCTGCATGGCAGCTCTGACAGTGACACTGATGGTGCTGAGCTCCCCACTGGCTTTGGCTGGGGACACCCAACCACGTTTCCTGTGGCAGGGTAAGTATAAGTGTCATTTCTTCAACGGGACGGAGCGGGTGCAGTTCCTGGAAAGACTCTTCTATAACCAGGAGGAGTTCGTGCGCTTCGACAGCGACGTGGGGGAGTACCGGGCGGTGACGGAGCTAGGGCGGCCTGTCGCCGAGTCCTGGAACAGCCAGAAGGACATCCTGGAGGACAGGCGGGGCCAGGTGGACACCGTGTGCAGACACAACTACGGGGTTGGTGAGAGCTTCACAGTGCAGCGGCGAGTCCATCCTGAGGTGACTGTGTATCCTGCCAAGACTCAGCCCCTGCAGCACCACAACCTCCTGGTCTGCTCTGTGAGTGGTTTCTATCCAGGCAGCATTGAAGTCAGGTGGTTCCGGAACGGCCAGGAAGAGAAGGCTGGGGTGGTGTCCACAGGCCTGATCCAGAATGGAGACTGGACCTTCCAGACCCTGGTGATGCTGGAAACAGTTCCTCGGAGTGGAGAAGTTTACACCTGCCAAGTGGAGCACCCAAGTGTGATGAGCCCTCTCACAGTGGAATGGAGAGCACGGTCTGAATCTGCACAGAGCAAGATGCTGAGTGGAGTCGGGGGCTTTGTGCTGGGCCTGCTCTTCCTTGGGGCCGGGTTGTTCATCTACTTCAGGAATCAGAAAGGACACTCTGGACTTCAGCCAACAGGATTCCTGAGCTGA","DRB1*07:01:01:01, DRB1*07:01:01:02"
"ATGGTGTGTCTGAAGCTCCCTGGAGGCTCCTGTATGGCAGCGCTGACAGTGACATTGACGGTGCTGAGCTCCCCACTGGCTTTGGCTGGGGACACCCAACCACGTTTCTTGGAGCAGGCTAAGTGTGAGTGTCATTTCCTCAATGGGACGGAGCGAGTGTGGAACCTGATCAGATACATCTATAACCAAGAGGAGTACGCGCGCTACAACAGTGACCTGGGGGAGTACCAGGCGGTGACGGAGCTGGGGCGGCCTGACGCTGAGTACTGGAACAGCCAGAAGGACCTCCTGGAGCGGAGGCGGGCCGAGGTGGACACCTACTGCAGATACAACTACGGGGTTGTGGAGAGCTTCACAGTGCAGCGGCGAGTCCAACCTAAGGTGACTGTGTATCCTTCAAAGACCCAGCCCCTGCAGCACCACAACCTCCTGGTCTGCTCTGTGAATGGTTTCTATCCAGGCAGCATTGAAGTCAGGTGGTTCCGGAACGGCCAGGAAGAGAAGGCTGGGGTGGTGTCCACAGGCCTGATCCAGAATGGAGACTGGACCTTCCAGACCCTGGTGATGCTGGAAACAGTTCCTCGGAGTGGAGAGGTTTACACCTGCCAAGTGGAGCATCCAAGCATGATGAGCCCTCTCACGGTGCAATGGAGTGCACGGTCTGAATCTGCACAGAGCAAGATGCTGAGTGGAGTCGGGGGCTTTGTGCTGGGCCTGCTCTTCCTTGGGACAGGGCTGTTCATCTACTTCAGGAATCAGAAAGGACACTCTGGACTTCAGCCAACAGGACTCTTGAGCTGA","DRB4*01:03:01:01, DRB4*01:03:01:03"
"ATGGTGTGTCTGAGGCTCCCTGGAGGCTCCTGCATGGCAGTTCTGACAGTGACACTGATGGTGCTGAGCTCCCCACTGGCTTTGGCTGGGGACACCAGACCACGTTTCTTGGAGTACTCTACGTCTGAGTGTCATTTCTTCAATGGGACGGAGCGGGTGCGGTACCTGGACAGATACTTCCATAACCAGGAGGAGAACGTGCGCTTCGACAGCGACGTGGGGGAGTTCCGGGCGGTGACGGAGCTGGGGCGGCCTGATGCCGAGTACTGGAACAGCCAGAAGGACCTCCTGGAGCAGAAGCGGGGCCGGGTGGACAACTACTGCAGACACAACTACGGGGTTGTGGAGAGCTTCACAGTGCAGCGGCGAGTCCATCCTAAGGTGACTGTGTATCCTTCAAAGACCCAGCCCCTGCAGCACCATAACCTCCTGGTCTGTTCTGTGAGTGGTTTCTATCCAGGCAGCATTGAAGTCAGGTGGTTCCGGAATGGCCAGGAAGAGAAGACTGGGGTGGTGTCCACAGGCCTGATCCACAATGGAGACTGGACCTTCCAGACCCTGGTGATGCTGGAAACAGTTCCTCGGAGTGGAGAGGTTTACACCTGCCAAGTGGAGCACCCAAGCGTGACAAGCCCTCTCACAGTGGAATGGAGAGCACGGTCTGAATCTGCACAGAGCAAGATGCTGAGTGGAGTCGGGGGCTTTGTGCTGGGCCTGCTCTTCCTTGGGGCCGGGCTGTTCATCTACTTCAGGAATCAGAAAGGACACTCTGGACTTCAGCCAAGAGGATTCCTGAGCTGA","DRB1*03:01:01:01, DRB1*03:01:01:02"
"ATGTCTTGGAAAAAGGCTTTGCGGATCCCCGGAGGCCTTCGGGCAGCAACTGTTACCTTGATGCTGGCGATGCTGAGCACCCCAGTGGCTGAGGGCAGAGACTCTCCCGAGGATTTCGTGTACCAGTTTAAGGCCATGTGCTACTTCACCAACGGGACGGAGCGCGTGCGTTATGTGACCAGATACATCTATAACCGAGAGGAGTACGCACGCTTCGACAGCGACGTGGAGGTGTACCGGGCGGTGACGCCGCTGGGGCCGCCTGACGCCGAGTACTGGAACAGCCAGAAGGAAGTCCTGGAGAGGACCCGGGCGGAGTTGGACACGGTGTGCAGACACAACTACCAGTTGGAGCTCCGCACGACCTTGCAGCGGCGAGTGGAGCCCACAGTGACCATCTCCCCATCCAGGACAGAGGCCCTCAACCACCACAACCTGCTGGTCTGCTCAGTGACAGATTTCTATCCAGCCCAGATCAAAGTCCGGTGGTTTCGGAATGACCAGGAGGAGACAACCGGCGTTGTGTCCACCCCCCTTATTAGGAACGGTGACTGGACCTTCCAGATCCTGGTGATGCTGGAAATGACTCCCCAGCATGGAGACGTCTACACCTGCCACGTGGAGCACCCCAGCCTCCAGAACCCCATCACCGTGGAGTGGCGGGCTCAGTCTGAATCTGCCCAGAGCAAGATGCTGAGTGGCATTGGAGGCTTCGTGCTGGGGCTCATCTTCCTCGGGCTGGGCCTTATTATCCATCACAGGAGTCAGAAAGGGCTCCTGCACTGA","DQB1*03:01:01:01, DQB1*03:01:01:02, DQB1*03:01:01:03"
"ATGTCTTGGAAGAAGGCTTTGCGGATCCCTGGAGGCCTTCGGGTAGCAACTGTGACCTTGATGCTGGCGATGCTGAGCACCCCGGTGGCTGAGGGCAGAGACTCTCCCGAGGATTTCGTGTACCAGTTTAAGGGCATGTGCTACTTCACCAACGGGACGGAGCGCGTGCGTCTTGTGACCAGATACATCTATAACCGAGAGGAGTACGCACGCTTCGACAGCGACGTGGGGGTGTATCGGGCGGTGACGCCGCTGGGGCCGCCTGACGCCGAGTACTGGAACAGCCAGAAGGAAGTCCTGGAGAGGACCCGGGCGGAGTTGGACACGGTGTGCAGACACAACTACCAGTTGGAGCTCCGCACGACCTTGCAGCGGCGAGTGGAGCCCACAGTGACCATCTCCCCATCCAGGACAGAGGCCCTCAACCACCACAACCTGCTGGTCTGCTCAGTGACAGATTTCTATCCAGCCCAGATCAAAGTCCGGTGGTTTCGGAATGACCAGGAGGAGACAACTGGCGTTGTGTCCACCCCCCTTATTAGGAACGGTGACTGGACCTTCCAGATCCTGGTGATGCTGGAAATGACTCCCCAGCGTGGAGACGTCTACACCTGCCACGTGGAGCACCCCAGCCTCCAGAACCCCATCATCGTGGAGTGGCGGGCTCAGTCTGAATCTGCCCAGAGCAAGATGCTGAGTGGCATTGGAGGCTTCGTGCTGGGGCTGATCTTCCTCGGGCTGGGCCTTATTATCCATCACAGGAGTCAGAAAGGGCTCCTGCACTGA","DQB1*03:03:02:01, DQB1*03:03:02:02, DQB1*03:03:02:03"
"ATGTCTTGGAAGAAGTCTTTGCGGATCCCCGGAGACCTTCGGGTAGCAACTGTCACCTTGATGCTGGCGATCCTGAGCTCCTCACTGGCTGAGGGCAGAGACTCTCCCGAGGATTTCGTGTACCAGTTTAAGGGCCTGTGCTACTTCACCAACGGGACGGAGCGCGTGCGGGGTGTGACCAGACACATCTATAACCGAGAGGAGTACGTGCGCTTCGACAGCGACGTGGGGGTGTACCGGGCAGTGACGCCGCAGGGGCGGCCTGTTGCCGAGTACTGGAACAGCCAGAAGGAAGTCCTGGAGGGGGCCCGGGCGTCGGTGGACAGGGTGTGCAGACACAACTACGAGGTGGCGTACCGCGGGATCCTGCAGAGGAGAGTGGAGCCCACAGTGACCATCTCCCCATCCAGGACAGAGGCCCTCAACCACCACAACCTGCTGATCTGCTCGGTGACAGATTTCTATCCAAGCCAGATCAAAGTCCGGTGGTTTCGGAATGATCAGGAGGAGACAGCCGGCGTTGTGTCCACCCCCCTCATTAGGAACGGTGACTGGACCTTCCAGATCCTGGTGATGCTGGAAATGACTCCCCAGCGTGGAGATGTCTACACCTGCCACGTGGAGCACCCCAGCCTCCAGAGCCCCATCACCGTGGAGTGGCGGGCTCAGTCTGAATCTGCCCAGAGCAAGATGCTGAGTGGCGTTGGAGGCTTCGTGCTGGGGCTGATCTTCCTTGGGCTTGGCCTTATCATCCGTCAAAGGAGTCGGAAAGGGCTTCTGCACTGA","DQB1*05:01:01:01, DQB1*05:01:01:02"
"ATGTCTTGGAAGAAGTCTTTGCGGATCCCCGGAGACCTTCGGGTAGCAACTGTCACCTTGATGCTGGCGATCCTGAGCTCCTCACTGGCTGAGGGCAGAGACTCTCCCGAGGATTTCGTGTACCAGTTTAAGGGCCTGTGCTACTTCACCAACGGGACGGAGCGCGTGCGGGGTGTGACCAGACACATCTATAACCGAGAGGAGTACGTGCGCTTCGACAGCGACGTGGGGGTGTATCGGGCGGTGACGCCGCAGGGGCGGCCTGACGCCGAGTACTGGAACAGCCAGAAGGAAGTCCTGGAGGGGGCCCGGGCGTCGGTGGACAGAGTGTGCAGACACAACTACGAGGTGGCGTACCGCGGGATCCTGCAGAGGAGAGTGGAGCCCACAGTGACCATCTCCCCATCCAGGACAGAGGCCCTCAACCACCACAACCTGCTGATCTGCTCGGTGACAGATTTCTATCCAAGCCAGATCAAAGTCCGGTGGTTTCGGAATGATCAGGAGGAGACAGCCGGCGTTGTGTCCACCCCCCTCATTAGGAACGGTGACTGGACCTTCCAGATCCTGGTGATGCTGGAAATGACTCCCCAGCGTGGAGATGTCTACACCTGCCACGTGGAGCACCCCAGCCTCCAGAGCCCCATCACCGTGGAGTGGCGGGCTCAGTCTGAATCTGCCCAGAGCAAGATGCTGAGTGGCGTTGGAGGCTTCGTGCTGGGGCTGATCTTCCTTGGGCTTGGCCTTATCATCCGTCAAAGGAGTCGGAAAGGACCTCAAGGGCCTCCACCAGCAGGGCTTCTGCACTGA","DQB1*05:03:01:01, DQB1*05:03:01:02"
